SchemaName,ParentTable,ForeignKeyName,ReferencedSchema,ReferencedTable,ParentColumn,ReferencedColumn,delete_referential_action_desc,update_referential_action_desc
----------,-----------,--------------,----------------,---------------,------------,----------------,------------------------------,------------------------------
aap,AnnualAuditPlanCapacity,FK_AnnualAuditPlanCapacity_AnnualAuditPlan,aap,AnnualAuditPlan,AnnualAuditPlanId,AnnualAuditPlanId,NO_ACTION,NO_ACTION
aap,AnnualAuditPlanGroup,FK_AnnualAuditPlanGroup_ProgrammeGroup1,map,ProgrammeGroup,ProgrammeGroupId,ProgrammeGroupId,NO_ACTION,NO_ACTION
aap,AnnualAuditPlanStage,FK_AnnualAuditPlanStage_AnnualAuditPlanStatus,aap,AnnualAuditPlanStatus,AnnualAuditPlanStatusId,AnnualAuditPlanStatusId,NO_ACTION,NO_ACTION
aap,AnnualAuditTimeAllocationNonRiskBase,FK_AnnualAuditTimeAllocationNonRiskBase_AnnualAuditPlan,aap,AnnualAuditPlan,AnnualAuditPlanId,AnnualAuditPlanId,NO_ACTION,NO_ACTION
aap,AnnualAuditTimeAllocationNonRiskBase,FK_AnnualAuditTimeAllocationNonRiskBase_AuditCategory,std,AuditCategory,AuditCategoryId,AuditCategoryId,NO_ACTION,NO_ACTION
aap,AnnualAuditTimeAllocationNonRiskBase,FK_AnnualAuditTimeAllocationNonRiskBase_AuditType,std,AuditType,AuditTypeId,AuditTypeId,NO_ACTION,NO_ACTION
aap,AnnualAuditTimeAllocationNonRiskBase,FK_AnnualAuditTimeAllocationNonRiskBase_Project,map,Project,ProjectId,ProjectId,NO_ACTION,NO_ACTION
aap,AnnualAuditTimeAllocationNonRiskBase,FK_AnnualAuditTimeAllocationNonRiskBase_RiskType,std,RiskType,RiskTypeId,RiskTypeId,NO_ACTION,NO_ACTION
aap,AnnualAuditTimeAllocationRiskBase,FK_AnnualAuditTimeAllocationRiskBase_AnnualAuditPlan,aap,AnnualAuditPlan,AnnualAuditPlanId,AnnualAuditPlanId,NO_ACTION,NO_ACTION
aap,AnnualAuditTimeAllocationRiskBase,FK_AnnualAuditTimeAllocationRiskBase_AuditCategory,std,AuditCategory,AuditCategoryId,AuditCategoryId,NO_ACTION,NO_ACTION
aap,AnnualAuditTimeAllocationRiskBase,FK_AnnualAuditTimeAllocationRiskBase_AuditType,std,AuditType,AuditTypeId,AuditTypeId,NO_ACTION,NO_ACTION
aap,AnnualAuditTimeAllocationRiskBase,FK_AnnualAuditTimeAllocationRiskBase_Project,map,Project,ProjectId,ProjectId,NO_ACTION,NO_ACTION
aap,AnnualAuditTimeAllocationRiskBase,FK_AnnualAuditTimeAllocationRiskBase_RiskType,std,RiskType,RiskTypeId,RiskTypeId,NO_ACTION,NO_ACTION
aap,AuditResourceAllocationNonRiskBase,FK_AuditResourceAllocationNonRiskBase_AuditCategory,std,AuditCategory,AuditCategoryId,AuditCategoryId,NO_ACTION,NO_ACTION
aap,AuditResourceAllocationNonRiskBase,FK_AuditResourceAllocationNonRiskBase_AuditType,std,AuditType,AuditTypeId,AuditTypeId,NO_ACTION,NO_ACTION
aap,AuditResourceAllocationNonRiskBase,FK_AuditResourceAllocationNonRiskBase_RiskType,std,RiskType,RiskTypeId,RiskTypeId,NO_ACTION,NO_ACTION
aap,AuditResourceAllocationRiskBase,FK_AuditResourceAllocationRiskBase_AuditCategory,std,AuditCategory,AuditCategoryId,AuditCategoryId,NO_ACTION,NO_ACTION
aap,AuditResourceAllocationRiskBase,FK_AuditResourceAllocationRiskBase_AuditType,std,AuditType,AuditTypeId,AuditTypeId,NO_ACTION,NO_ACTION
aap,AuditResourceAllocationRiskBase,FK_AuditResourceAllocationRiskBase_RiskType,std,RiskType,RiskTypeId,RiskTypeId,NO_ACTION,NO_ACTION
adc,ReportWritingActionPlanAlert,FK_ReportWritingActionPlanAlert_ReportWritingActionPlan,adc,ReportWritingActionPlan,ReportWritingActionPlanId,ReportWritingActionPlanId,NO_ACTION,NO_ACTION
biams,BIAMSAuditBranchProject,FK_BIAMSAuditBranchProjectView_BIAMSAuditReportView,biams,BIAMSAuditReport,BIAMSAuditReportId,BIAMSAuditReportId,CASCADE,NO_ACTION
biams,BIAMSReportCategoryDetail,FK_BIAMSReportCategoryDetailView_BIAMSAuditReportView,biams,BIAMSAuditReport,BIAMSAuditReportId,BIAMSAuditReportId,CASCADE,NO_ACTION
dbo,AssignManager,FK_AppUser_AssignManager,sec,AppUser,AppUserId,AppUserId,NO_ACTION,NO_ACTION
dbo,AssignManager,FK_Zone_AssignManager,std,Zone,ZoneId,ZoneId,NO_ACTION,NO_ACTION
dbo,AuditLog,FK_AuditLog_AuditLogOperation,dbo,AuditLogOperation,AuditLogOperationId,AuditLogOperationId,NO_ACTION,NO_ACTION
dbo,AuditLog,FK_AuditLog_ObjectType,dbo,ObjectType,ObjectTypeId,ObjectTypeId,NO_ACTION,NO_ACTION
dbo,DashboardSnapshotDivision,FK_DashboardSnapshotDivision_Snapshot,dbo,DashboardSnapshot,DashboardSnapshotId,DashboardSnapshotId,NO_ACTION,NO_ACTION
dbo,DashboardSnapshotMapf,FK_DashboardSnapshotMapf_Snapshot,dbo,DashboardSnapshot,DashboardSnapshotId,DashboardSnapshotId,NO_ACTION,NO_ACTION
dbo,DashboardSnapshotPendingStatus,FK_DashboardSnapshotPendingStatus_Snapshot,dbo,DashboardSnapshot,DashboardSnapshotId,DashboardSnapshotId,NO_ACTION,NO_ACTION
dbo,DashboardSnapshotPortfolio,FK_DashboardSnapshotPortfolio_Snapshot,dbo,DashboardSnapshot,DashboardSnapshotId,DashboardSnapshotId,NO_ACTION,NO_ACTION
dbo,DashboardSnapshotRegion,FK_DashboardSnapshotRegion_Snapshot,dbo,DashboardSnapshot,DashboardSnapshotId,DashboardSnapshotId,NO_ACTION,NO_ACTION
dbo,DashboardSnapshotRisk,FK_DashboardSnapshotRisk_Snapshot,dbo,DashboardSnapshot,DashboardSnapshotId,DashboardSnapshotId,NO_ACTION,NO_ACTION
dbo,DashboardSnapshotSummary,FK_DashboardSnapshotSummary_Snapshot,dbo,DashboardSnapshot,DashboardSnapshotId,DashboardSnapshotId,NO_ACTION,NO_ACTION
dbo,DigitalSignature,FK_DigitalSignature_AppUser,sec,AppUser,AppUserId,AppUserId,NO_ACTION,NO_ACTION
dbo,NotificationLog,FK_NotificationLog_NotificationType,dbo,NotificationType,NotificationTypeId,NotificationTypeId,NO_ACTION,NO_ACTION
dms,ContentDetail,FK_ContentDetail_Content,dms,Content,ContentId,ContentId,NO_ACTION,NO_ACTION
dms,ContentDetail,FK_ContentDetail_ContentType,dms,ContentType,ContentTypeId,ContentTypeId,NO_ACTION,NO_ACTION
dms,ContentDetail,FK_ContentDetail_Node,dms,Node,NodeId,NodeId,NO_ACTION,NO_ACTION
dms,Directory,FK_Directory_DocumentLibrary,dms,DocumentLibrary,DocumentLibraryId,DocumentLibraryId,NO_ACTION,NO_ACTION
dms,Directory,FK_Directory_Node,dms,Node,NodeId,NodeId,NO_ACTION,NO_ACTION
dms,DocumentLibrary,FK_DocumentLibrary_Node,dms,Node,NodeId,NodeId,NO_ACTION,NO_ACTION
HangFire,JobParameter,FK_HangFire_JobParameter_Job,HangFire,Job,JobId,Id,CASCADE,CASCADE
HangFire,State,FK_HangFire_State_Job,HangFire,Job,JobId,Id,CASCADE,CASCADE
map,Branch,FK_Branch_Upazila,map,Upazila,UpazilaId,UpazilaId,NO_ACTION,NO_ACTION
map,BranchProject,FK_BranchProject_Branch,map,Branch,BranchId,BranchId,NO_ACTION,NO_ACTION
map,BranchProject,FK_BranchProject_Project,map,Project,ProjectId,ProjectId,NO_ACTION,NO_ACTION
map,BranchProjectOrgArea,FK_BranchProjectOrgArea_OrgArea,map,OrgArea,OrgAreaId,OrgAreaId,NO_ACTION,NO_ACTION
map,BranchProjectOrgDistrict,FK_BranchProjectOrgDistrict_OrgDistrict,map,OrgDistrict,OrgDistrictId,OrgDistrictId,NO_ACTION,NO_ACTION
map,BranchProjectOrgDivision,FK_BranchProjectOrgDivision_OrgDivision,map,OrgDivision,OrgDivisionId,OrgDivisionId,NO_ACTION,NO_ACTION
map,BranchProjectOrgUpazila,FK_BranchProjectOrgUpazila_OrgUpazila,map,OrgUpazila,OrgUpazilaId,OrgUpazilaId,NO_ACTION,NO_ACTION
map,BranchProjectRisk,FK_BranchProjectRisk_BranchProject,map,BranchProject,BranchProjectId,BranchProjectId,NO_ACTION,NO_ACTION
map,BranchProjectRisk,FK_BranchProjectRisk_RiskType,std,RiskType,RiskTypeId,RiskTypeId,NO_ACTION,NO_ACTION
map,BranchProjectRiskDetail,FK_BranchProjectRiskDetail_BranchProjectRisk,map,BranchProjectRisk,BranchProjectRiskId,BranchProjectRiskId,NO_ACTION,NO_ACTION
map,District,FK_District_Division,map,Division,DivisionId,DivisionId,NO_ACTION,NO_ACTION
map,Division,FK_Division_Country,map,Country,CountryId,CountryId,NO_ACTION,NO_ACTION
map,Organization,FK_Organization_Country,map,Country,CountryId,CountryId,NO_ACTION,NO_ACTION
map,Programme,FK_Programme_ProgrammeGroup,map,ProgrammeGroup,ProgrammeGroupId,ProgrammeGroupId,NO_ACTION,NO_ACTION
map,Project,FK_Project_Programme,map,Programme,ProgrammeId,ProgrammeId,NO_ACTION,NO_ACTION
map,Project,FK_Project_SubProgramme,map,SubProgramme,SubProgrammeId,SubProgrammeId,NO_ACTION,NO_ACTION
map,Upazila,FK_Upazila_District,map,District,DistrictId,DistrictId,NO_ACTION,NO_ACTION
pld,PlanningDiagramFile,FK_PlanningDiagramFile_PlanningDiagram,pld,PlanningDiagram,PlanningDiagramId,PlanningDiagramId,NO_ACTION,NO_ACTION
pld,PlanningDocument,FK_PlanningDocument_Project,map,Project,ProjectId,ProjectId,NO_ACTION,NO_ACTION
pld,PlanningDocument,FK_PlanningDocument_RiskType,std,RiskType,RiskTypeId,RiskTypeId,NO_ACTION,NO_ACTION
pld,PlanningProcess,FK_PlanningProcess_PlanningDocument,pld,PlanningDocument,PlanningDocumentId,PlanningDocumentId,NO_ACTION,NO_ACTION
pld,PlanningSubProcess,FK_PlanningSubProcess_PlanningProcess,pld,PlanningProcess,PlanningProcessId,PlanningProcessId,NO_ACTION,NO_ACTION
pld,PlanningSubProcess,FK_PlanningSubProcess_RiskType,std,RiskType,RiskTypeId,RiskTypeId,NO_ACTION,NO_ACTION
sec,AppComponent,FK_AppComponent_AppComponentGroup,sec,AppComponentGroup,ComponentGroupId,ComponentGroupId,NO_ACTION,NO_ACTION
sec,AppComponent,FK_AppComponent_AppComponentType,sec,AppComponentType,ComponentTypeId,ComponentTypeId,NO_ACTION,NO_ACTION
sec,AppComponentGroup,FK_AppComponentGroup_AppComponentSection,sec,AppComponentSection,ComponentSectionId,ComponentSectionId,NO_ACTION,NO_ACTION
sec,AppRoleAndPermission,FK_AppRoleAndPermission_AspNetRoles,sec,AspNetRoles,RoleId,Id,NO_ACTION,NO_ACTION
sec,AspNetRoleClaims,FK_AspNetRoleClaims_AspNetRoles_RoleId,sec,AspNetRoles,RoleId,Id,CASCADE,NO_ACTION
sec,AspNetUserClaims,FK_AspNetUserClaims_AspNetUsers_UserId,sec,AspNetUsers,UserId,Id,CASCADE,NO_ACTION
sec,AspNetUserLogins,FK_AspNetUserLogins_AspNetUsers_UserId,sec,AspNetUsers,UserId,Id,CASCADE,NO_ACTION
sec,AspNetUserRoles,FK_AspNetUserRoles_AspNetRoles_RoleId,sec,AspNetRoles,RoleId,Id,CASCADE,NO_ACTION
sec,AspNetUserRoles,FK_AspNetUserRoles_AspNetUsers,sec,AspNetUsers,UserId,Id,NO_ACTION,NO_ACTION
sec,AspNetUserTokens,FK_AspNetUserTokens_AspNetUsers_UserId,sec,AspNetUsers,UserId,Id,CASCADE,NO_ACTION
std,AuditType,FK_AuditType_AuditCategory,std,AuditCategory,AuditCategoryId,AuditCategoryId,NO_ACTION,NO_ACTION
std,EmailGroupDetail,FK_EmailGroupDetail_EmailGroup1,std,EmailGroup,EmailGroupId,EmailGroupId,NO_ACTION,NO_ACTION
std,Observation,FK_Observation_Language,std,Language,LanguageId,LanguageId,NO_ACTION,NO_ACTION
std,Observation,FK_Observation_ObservationCategory,std,ObservationCategory,ObservationCategoryId,ObservationCategoryId,NO_ACTION,NO_ACTION
std,ObservationCharacteristicDetail,FK_ObservationCharacteristicDetail_ObservationCharacteristic,std,ObservationCharacteristic,ObservationCharacteristicId,ObservationCharacteristicId,NO_ACTION,NO_ACTION
std,ObservationDetail,FK_ObservationDetail_Observation,std,Observation,ObservationId,ObservationId,NO_ACTION,NO_ACTION
std,ObservationDetail,FK_ObservationDetail_ObservationCharacteristicDetail,std,ObservationCharacteristicDetail,ObservationCharacteristicDetailId,ObservationCharacteristicDetailId,NO_ACTION,NO_ACTION
std,ReportContentHeading,FK_ReportContentHeading_HeadingDataType,bis,HeadingDataType,HeadingDataTypeId,HeadingDataTypeId,NO_ACTION,NO_ACTION
std,StructureCategory,FK_StructureCategory_StructureType,std,StructureType,StructureTypeId,StructureTypeId,NO_ACTION,NO_ACTION
std,StructureElement,FK_StructureElement_StructureType,std,StructureType,StructureTypeId,StructureTypeId,NO_ACTION,NO_ACTION
std,StructureElement,StructureElement_StructureCategory,std,StructureCategory,StructureCategoryId,StructureCategoryId,NO_ACTION,NO_ACTION
wkf,WorkflowOperation,FK_WorkflowOperation_WorkflowItem,wkf,WorkflowItem,WorkflowProcessId,WorkflowItemId,NO_ACTION,NO_ACTION
