SchemaName,TableName,IndexName,is_primary_key,is_unique,is_unique_constraint,key_ordinal,ColumnName
----------,---------,---------,--------------,---------,--------------------,-----------,----------
aap,AnnualAuditorAllocation,PK_app.AnnualAuditorAllocation,1,1,0,1,AnnualAuditorAllocationId
aap,AnnualAuditPlan,PK_AnnualAuditPlan,1,1,0,1,AnnualAuditPlanId
aap,AnnualAuditPlanCapacity,PK_AnnualAuditPlanCapacity,1,1,0,1,AnnualAuditPlanCapacityId
aap,AnnualAuditPlanGroup,PK_AnnualAuditPlanGroup,1,1,0,1,AnnualAuditPlanGroupId
aap,AnnualAuditPlanStage,PK_AnnualAuditPlanStage,1,1,0,1,AnnualAuditPlanStageId
aap,AnnualAuditPlanStatus,PK_app.AnnualAuditPlanStatus,1,1,0,1,AnnualAuditPlanStatusId
aap,AnnualAuditResourceAllocation,PK_AnnualAuditResourceAllocation,1,1,0,1,AnnualAuditResourceAllocationId
aap,AnnualAuditTargetNonRiskBase,PK_AnnualAuditTargetNonRiskBase,1,1,0,1,AnnualAuditTargetNonRiskBaseId
aap,AnnualAuditTargetRiskBase,PK_AnnualAuditTargetRiskBase,1,1,0,1,AnnualAuditTargetRiskBaseId
aap,AnnualAuditTimeAllocationNonRiskBase,PK_AnnualAuditTimeAllocationNonRiskBase,1,1,0,1,AnnualAuditTimeAllocationNonRiskBaseId
aap,AnnualAuditTimeAllocationRiskBase,PK_AnnualAuditTimeAllocationRiskBase,1,1,0,1,AnnualAuditTimeAllocationRiskBaseId
aap,AuditCapacityPlan,PK_AuditCapacityPlan,1,1,0,1,AuditCapacityPlanId
aap,AuditPlanManager,PK__AuditPla__36250EB46CDE6B1E,1,1,0,1,AuditPlanUserId
aap,AuditPlanParameter,PK_AuditPlanParameter,1,1,0,1,SettingsId
aap,AuditPlanStatus,PK_app.AuditPlanStatus,1,1,0,1,AuditPlanStatusId
aap,AuditResourceAllocationNonRiskBase,PK_AuditResourceAllocationNonRiskBase,1,1,0,1,AuditResourceAllocationId
aap,AuditResourceAllocationRiskBase,PK_AuditResourceAllocationRiskBase,1,1,0,1,AuditResourceAllocationId
aap,CurrentResource,PK_CurrentResource,1,1,0,1,CurrentResourceId
adc,ActionPlanFinalStatus,PK_ActionPlanFinalStatus,1,1,0,1,ActionPlanFinalStatusId
adc,ActionPlanFollowUp,PK_ActionPlanFollowUp,1,1,0,1,ActionPlanFollowUpId
adc,ActionPlanFollowUpChangeType,PK__ActionPl__2008D317D5C3A2D7,1,1,0,1,ActionPlanFollowUpChangeTypeId
adc,ActionPlanFollowUpCommentType,PK__ActionPl__3724F9B1F6F8F63F,1,1,0,1,ActionPlanFollowUpCommentTypeId
adc,ActionPlanFollowUpDetail,PK__ActionPl__281E7FD1DFC4A9AE,1,1,0,1,ActionPlanFollowUpDetailId
adc,ActionPlanFollowUpDetailComment,PK_ActionPlanFollowUpDetailComment,1,1,0,1,ActionPlanFollowUpDetailCommentId
adc,ActionPlanFollowUpDetailDoc,PK_ActionPlanFollowUpDetailDoc,1,1,0,1,ActionPlanFollowUpDetailDocId
adc,ActionPlanFollowUpDetailLog,PK__ActionPlanFollowUpDetailLog,1,1,0,1,ActionPlanFollowUpDetailLogId
adc,ActionPlanFollowUpDetailOwner,PK__ActionPlanFollowUpDetailOwner,1,1,0,1,ActionPlanFollowUpDetailOwnerId
adc,ActionPlanFollowUpDetailOwnerStatus,PK__ActionPl__8CC7E12B74C2048D,1,1,0,1,ActionPlanFollowUpDetailOwnerStatusId
adc,ActionPlanFollowUpDetailStatus,PK__ActionPl__797721692531F901,1,1,0,1,ActionPlanFollowUpDetailStatusId
adc,ActionPlanFollowUpStatus,PK__ActionPl__BF279C58A4EBF7D8,1,1,0,1,ActionPlanFollowUpStatusId
adc,ActionPlanGeneratedFile,PK_ActionPlanGeneratedFile,1,1,0,1,Id
adc,ActionPlanGeneratedFile,UX_ActionPlanGeneratedFile_ActionPlanId_FileType,0,1,0,1,ActionPlanId
adc,ActionPlanGeneratedFile,UX_ActionPlanGeneratedFile_ActionPlanId_FileType,0,1,0,2,FileType
adc,AprAuditPerformanceRatingSetup,PK_RatingId,1,1,0,1,PerformanceRatingId
adc,AprLikelihood,PK_adc.AprLikelihood,1,1,0,1,AprLikelihoodId
adc,AprLikelihoodMapping,PK_LikelihoodMapping,1,1,0,1,AprLikelihoodMappingId
adc,AprLikelihoodMappingAuditType,PK_LikelihoodMappingAuditType,1,1,0,1,AprLikelihoodMappingAuditTypeId
adc,AprLikelihoodMappingLikelihood,PK_LikelihoodMappingLikelihood,1,1,0,1,AprLikelihoodMappingLikelihoodId
adc,AprLikelihoodMappingProject,PK_LikelihoodMappingProject,1,1,0,1,AprLikelihoodMappingProjectId
adc,AprLikelihoodMappingReportType,PK_LikelihoodMappingReportType,1,1,0,1,AprLikelihoodMappingReportTypeId
adc,AprLikelihoodMatrix,PK_AprLikelyhoodMatrix,1,1,0,1,AprLikelihoodMatrixId
adc,APRMethod,PK__APRMetho__A0BD6068444FF6E8,1,1,0,1,APRMethodId
adc,APRMethodMatrix,PK__APRMetho__0E66A963E2261C94,1,1,0,1,APRMethodMatrixId
adc,AprScoreOtherConsideration,PK_AprInitialAuditScore,1,1,0,1,AprScoreOtherConsiderationId
adc,AprSeverityControlFailure,PK_AprSeverityControlFailure,1,1,0,1,AprSeverityControlFailureId
adc,AprSummary,PK__AprSumma__B2E8370696A4EFF6,1,1,0,1,AprSummaryId
adc,AprSummaryOtherConsideration,PK__AprSumma__CB0CC857E0524E2A,1,1,0,1,AprSummaryOtherConsiderationId
adc,AudConObsAccusedPerson,PK__AudConObsAccusedPerson,1,1,0,1,AudConObsAccusedPersonId
adc,AudConObsDonor,PK_AudConObsDonor,1,1,0,1,AudConObsDonorId
adc,AuditChangeAssignee,PK_AuditChangeAssigneeId,1,1,0,1,AuditChangeAssigneeId
adc,AuditChangeRequest,PK_AuditChangeRequest,1,1,0,1,AuditChangeRequestId
adc,AuditChangeRequestGroup,PK_AuditChangeRequestGroup,1,1,0,1,AuditChangeRequestGroupId
adc,AuditChangeRequestStatus,PK_AuditChangeRequestStatus,1,1,0,1,AuditChangeRequestStatusId
adc,AuditChangeRequestType,PK_AuditChangeRequestType,1,1,0,1,AuditChangeRequestTypeId
adc,AuditCondObservationDetail,IX_AuditCondObservationDetail,0,0,0,1,CreatedDate
adc,AuditCondObservationDetail,IX_AuditCondObservationDetail,0,0,0,2,ObservationCategoryId
adc,AuditCondObservationDetail,IX_AuditCondObservationDetail,0,0,0,3,AudConObsId
adc,AuditCondObservationDetail,IX_AuditCondObservationDetail,0,0,0,4,ComponentId
adc,AuditCondObservationDetail,IX_AuditCondObservationDetail,0,0,0,5,UpdatedDate
adc,AuditCondObservationDetail,PK_AuditCondObservationDetail,1,1,0,1,ObservationDetailId
adc,AuditCondObservationDetailColumn,PK__AuditCon__592B6D93FD1B434F,1,1,0,1,AuditCondObservationDetailColumnId
adc,AuditCondObservationDetailComment,PK_AuditCondObservationDetailComment,1,1,0,1,AuditCondObservationDetailCommentId
adc,AuditCondObservationTemplate,PK_AuditConductionObservationTempl,1,1,0,1,ObservationTemplateId
adc,AuditConduction,PK_AuditConduction,1,1,0,1,AuditConductionId
adc,AuditConductionComment,PK_AuditConductionComment,1,1,0,1,AuditConductionCommentId
adc,AuditConductionComponentPermission,PK_AuditConductionComponentPermission,1,1,0,1,AuditConductionComponentPermissionId
adc,AuditConductionControl,PK_AuditConductionControl,1,1,0,1,AuditConductionControlId
adc,AuditConductionControlAssertion,PK_AuditConductionControlAssertion,1,1,0,1,AuditConductionControlAssertionId
adc,AuditConductionControlDetail,PK_AuditConductionControlDetail,1,1,0,1,AuditConductionControlDetailId
adc,AuditConductionDesignAssesment,PK_AuditConductionDesignAssesment,1,1,0,1,AuditConductionDesignAssesmentId
adc,AuditConductionDocument,PK_AuditConductionDocument,1,1,0,1,AuditConductionDocumentId
adc,AuditConductionDocumentType,PK_AuditConductionDocumentType,1,1,0,1,AuditConductionDocumentTypeId
adc,AuditConductionMeeting,PK__AuditCon__B765E3D944233672,1,1,0,1,AudConMeetingId
adc,AuditConductionMeetingDeciMember,PK__AuditCon__D9AEF422C178BA0A,1,1,0,1,AuditConductionMeetingDeciMemberId
adc,AuditConductionMeetingDecision,PK__AuditCon__31161CCE50C5F187,1,1,0,1,AuditConductionMeetingDecisionId
adc,AuditConductionMeetingDetail,PK__AuditCon__04CFB550A4335566,1,1,0,1,AudConMeetingDetailId
adc,AuditConductionMeetingExpectation,PK__AuditCon__88835096A09DC3A9,1,1,0,1,AuditConductionMeetingExpectationId
adc,AuditConductionMeetingFocusArea,PK__AuditCon__AD7F070C4F5135D0,1,1,0,1,AudConMeetingFocusAreaId
adc,AuditConductionMeetingMember,PK__AuditCon__58533A6478095660,1,1,0,1,AuditConductionMeetingMemberId
adc,AuditConductionMeetingStatus,PK_AuditConductionMeetingStatus,1,1,0,1,AudConMeetingStatusId
adc,AuditConductionMeetingType,PK_AuditConductionMeetingType,1,1,0,1,AudConMeetingTypeId
adc,AuditConductionMovement,PK__AuditCon__7A1ED518DF76BB91,1,1,0,1,AuditConductionMovementId
adc,AuditConductionNotificationHistory,PK_AuditConductionNotificationHistory,1,1,0,1,AuditConductionNotificationHistoryId
adc,AuditConductionObservation,IX_AuditConductionObservation,0,0,0,1,AudConObsId
adc,AuditConductionObservation,IX_AuditConductionObservation,0,0,0,2,AuditScheduleId
adc,AuditConductionObservation,IX_AuditConductionObservation,0,0,0,3,AudConObsTypeId
adc,AuditConductionObservation,IX_AuditConductionObservation,0,0,0,4,AuditConductionId
adc,AuditConductionObservation,IX_AuditConductionObservation,0,0,0,5,CreatedBy
adc,AuditConductionObservation,PK_AuditConductionObservation,1,1,0,1,AudConObsId
adc,AuditConductionObservationComment,IX_AuditConductionObservationComment,0,0,0,1,AuditConductionObservationCommentId
adc,AuditConductionObservationComment,IX_AuditConductionObservationComment,0,0,0,2,AuditConductionId
adc,AuditConductionObservationComment,IX_AuditConductionObservationComment,0,0,0,3,AuditScheduleId
adc,AuditConductionObservationComment,IX_AuditConductionObservationComment,0,0,0,4,CommentSubAreaTypeId
adc,AuditConductionObservationComment,IX_AuditConductionObservationComment,0,0,0,5,CreatedDate
adc,AuditConductionObservationComment,PK__AuditCon__1658B627F2001A92,1,1,0,1,AuditConductionObservationCommentId
adc,AuditConductionObservationControl,IX_AuditConductionObservationControl,0,0,0,1,AudConObsId
adc,AuditConductionObservationControl,IX_AuditConductionObservationControl,0,0,0,2,AudConObsControlId
adc,AuditConductionObservationControl,IX_AuditConductionObservationControl,0,0,0,3,AuditConductionControlId
adc,AuditConductionObservationControl,PK__AuditCon__4F4F192C10580C5C,1,1,0,1,AudConObsControlId
adc,AuditConductionObservationDesignAssesment,PK__AuditCon__A47D8F47D4EA3E5D,1,1,0,1,AudConObsDesignAssesmentId
adc,AuditConductionObservationRecommend,PK__AuditCon__3BE75DE92AFEA36B,1,1,0,1,AudConObsRecomId
adc,AuditConductionObservationRow,PK_AuditConductionObservationRow,1,1,0,1,AudConObsRowId
adc,AuditConductionObservationRowColumn,PK_AuditConductionObservationRowColumn,1,1,0,1,AudConObsRowColumnId
adc,AuditConductionObservationSubstantive,PK__AuditCon__2C1A95B0D6DCCB2B,1,1,0,1,AudConObsSubstantiveId
adc,AuditConductionObservationType,PK_AuditConductionObservationType,1,1,0,1,AudConObsTypeId
adc,AuditConductionPlanningDiagram,PK__AuditCon__3D056F5B6DFD7D2A,1,1,0,1,AuditConductionPlanningDiagramId
adc,AuditConductionPlanningDocument,PK_AuditConductionPlanningDocument,1,1,0,1,AuditConductionPlanningDocumentId
adc,AuditConductionPlanningDocumentStage,PK_AuditConductionPlanningDocumentStage,1,1,0,1,AuditConductionPlanningDocumentStageId
adc,AuditConductionPlanningDocumentStageGroup,PK_AuditConductionPlanningDocumentStageGroup,1,1,0,1,AuditConductionPlanningDocumentStageGroupId
adc,AuditConductionPlanningDocumentStatus,PK_AuditConductionPlanningDocumentStatus,1,1,0,1,AuditConductionPlanningDocumentStatusId
adc,AuditConductionPlanningProcess,PK_AuditConductionPlanningProcess,1,1,0,1,AuditConductionPlanningProcessId
adc,AuditConductionPlanningSubProcess,PK_AuditConductionPlanningSubProcess,1,1,0,1,AuditConductionPlanningSubProcessId
adc,AuditConductionStatus,PK_AuditConductionStatus,1,1,0,1,AuditConductionStatusId
adc,AuditConductionStep,PK__AuditCon__111DEE2C2E9CB01C,1,1,0,1,AuditConStepId
adc,AuditConductionSubstantive,PK_AuditConductionSubstantive,1,1,0,1,AuditConductionSubstantiveId
adc,AuditConductionSubstantiveAssertion,PK_AuditConductionSubstantiveAssertion,1,1,0,1,AuditConductionSubstantiveAssertionId
adc,AuditConductionSubstantiveDetail,PK_AuditConductionSubstantiveDetail,1,1,0,1,AuditConductionSubstantiveDetailId
adc,AuditLifeCycleMatrix,PK_AuditLifeCycleMatrix,1,1,0,1,AuditLifeCycleMatrixId
adc,AuditPerformanceRating,PK__AuditPer__74372BFFCFAD8080,1,1,0,1,AuditPerformanceRatingId
adc,DispatchMatrix,PK__Dispatch__856C6337DA41BA65,1,1,0,1,DispatchMatrixId
adc,DispatchMatrixAuditType,PK_DispatchMatrixAuditType,1,1,0,1,DispatchMatrixAuditTypeId
adc,DispatchMatrixDispatcher,PK_DispatchMatrixDispatcher,1,1,0,1,DispatchMatrixDispatcherId
adc,DispatchMatrixProject,PK_DispatchMatrixProject,1,1,0,1,DispatchMatrixProjectId
adc,DispatchMatrixReportType,PK_DispatchMatrixReportType,1,1,0,1,DispatchMatrixReportTypeId
adc,DispatchMatrixRiskType,PK_DispatchMatrixRiskType,1,1,0,1,DispatchMatrixRiskTypeId
adc,DispatchMatrixUserLevel,PK_DispatchMatrixUserLevel,1,1,0,1,DispatchMatrixUserLevelId
adc,EntranceMeetingDecision,PK_EntranceMeetingDecision,1,1,0,1,EntranceMeetingDecisionId
adc,MeetingLinkEmailHistory,PK__MeetingL__21E8FE9B2FA8B834,1,1,0,1,MeetingLinkEmailHistoryId
adc,ObservationDropStatus,PK__Observat__49050CF585BD2A72,1,1,0,1,ObservationDropStatusId
adc,PlanningDocumentComment,PK_adc.PlanningDocumentComment,1,1,0,1,PlanningDocumentCommentId
adc,PlanningDocumentReqSlotDetailFile,PK__Planning__2AEFDC0959AA0B42,1,1,0,1,PlanningDocumentReqSlotDetailFileId
adc,PlanningDocumentRequisition,PK_adc.PlanningDocumentRequisition,1,1,0,1,PlanningDocumentRequisitionId
adc,PlanningDocumentRequisitionClient,PK__Planning__ABC72BE9FFF17653,1,1,0,1,PlanningDocumentRequisitionClientId
adc,PlanningDocumentRequisitionSlotDetail,PK_adc.PlanningDocumentRequisitionSlotDetail,1,1,0,1,PlanningDocumentRequisitionSlotDetailId
adc,ReportDispatch,PK__ReportDi__0A3A1FF915E20EDD,1,1,0,1,ReportDispatchId
adc,ReportDispatchDelegator,PK__ReportDi__1F935E9E0E7D927A,1,1,0,1,ReportDispatchDelegatorId
adc,ReportDispatchStatus,PK__ReportDi__DDEF9CAE126D9E97,1,1,0,1,ReportDispatchStatusId
adc,ReportSignatureType,PK_ReportSignatureType,1,1,0,1,ReportSignatureTypeId
adc,ReportWritingActionPlan,PK_ReportWritingActionPlan,1,1,0,1,ReportWritingActionPlanId
adc,ReportWritingActionPlanActionObserver,PK__ReportWr__5C4463F246D92778,1,1,0,1,ReportWritingActionPlanActionObserverId
adc,ReportWritingActionPlanActionOwner,PK__ReportWr__E1632BE5A9DDE987,1,1,0,1,ReportWritingActionPlanActionOwnerId
adc,ReportWritingActionPlanAlert,PK__ReportWr__EBB16A8DCA7E77CC,1,1,0,1,AlertId
adc,ReportWritingActionPlanDetail,PK__ReportWr__1C3F410BD1CEAD85,1,1,0,1,ReportWritingActionPlanDetailId
adc,ReportWritingActionPlanStatus,PK_ReportWritingActionPlanStatus,1,1,0,1,ReportWritingActionPlanStatusId
adc,ReportWritingAnnexure,PK_ReportWritingAnnexure,1,1,0,1,ReportWritingAnnexureId
adc,ReportWritingAPR,PK_ReportWritingAPR,1,1,0,1,ReportWritingAPRId
adc,ReportWritingBasicInformation,PK_ReportWritingBasicInformation,1,1,0,1,ReportWritingBasicInfoId
adc,ReportWritingComment,PK_ReportWritingCommen,1,1,0,1,ReportWritingCommentId
adc,ReportWritingComplianceExternal,PK__ReportWr__A579FB9BBBAD3E38,1,1,0,1,ReportWritingComplianceExternalId
adc,ReportWritingComplianceExternalDoc,PK_ReportWritingComplianceExternalDoc,1,1,0,1,ReportWritingComplianceExternalDocId
adc,ReportWritingComplianceExternalObs,PK__ReportWr__D39B9DF1D5B93B34,1,1,0,1,RWComplianceExternalObsId
adc,ReportWritingComplianceICQ,PK__ReportWr__8B29B8720EF4FD17,1,1,0,1,ReportWritingComplianceICQId
adc,ReportWritingComplianceICQComment,PK_ReportWritingComplianceICQComment,1,1,0,1,ReportWritingComplianceICQCommentId
adc,ReportWritingComplianceICQFile,PK__ReportWr__05D4F577BF40CBEE,1,1,0,1,ReportWritingComplianceICQFileId
adc,ReportWritingComplianceIcqObservation,PK__ReportWr__96DCD51CA59C864C,1,1,0,1,ReportWritingComplianceIcqObservationId
adc,ReportWritingComplianceICQRemark,PK__ReportWr__A6973B081DA4B97A,1,1,0,1,ReportWritingComplianceICQRemarkId
adc,ReportWritingComplianceInternalDoc,PK_ReportWritingComplianceInternalDoc,1,1,0,1,ReportWritingComplianceInternalDocId
adc,ReportWritingComplianceInternalObservation,PK_adc.ReportWritingComplianceInternalObservation,1,1,0,1,ReportWritingComplianceInternalObservationId
adc,ReportWritingComplianceStatus,PK__ReportWr__6997E5F6596952A6,1,1,0,1,ReportWritingComplianceStatusId
adc,ReportWritingComplianceText,PK_ReportWritingComplianceText,1,1,0,1,RWComplianceTextId
adc,ReportWritingComponentPermission,PK_ReportWritingComponentPermission,1,1,0,1,ReportWritingComponentPermissionId
adc,ReportWritingComponentTab,PK__ReportWr__DE05DE3C85F9079D,1,1,0,1,ComponentTabId
adc,ReportWritingConplianceInternal,PK_ReportWritingConplianceInternal,1,1,0,1,ReportWritingConplianceInternalId
adc,ReportWritingConplianceStatus,PK_ReportWritingConplianceStatus,1,1,0,1,ReportWritingConplianceStatusId
adc,ReportWritingDispatch,PK__ReportWr__84730A17723D7A07,1,1,0,1,ReportWritingDispatchId
adc,ReportWritingDocument,PK_ReportWritingDocument,1,1,0,1,ReportWritingDocumentId
adc,ReportWritingDocumentType,PK_ReportWritingDocumentType,1,1,0,1,ReportWritingDocumentTypeId
adc,ReportWritingEngagementBackground,PK_ReportWritingEngagementBackground,1,1,0,1,ReportWritingEngagementBackgroundId
adc,ReportWritingExecutiveSummary,PK_ReportWritingExecutiveSummary,1,1,0,1,ReportWritingExecutiveSummaryId
adc,ReportWritingFinancialInformation,PK_ReportWritingFinancialInformation,1,1,0,1,ReportWritingFinancialInformationId
adc,ReportWritingForwardingLetter,PK_ReportWritingForwardingLetter,1,1,0,1,RptWrtForwardingLetterId
adc,ReportWritingForwardingLetterDetail,PK_ReportWritingForwardingLetterDetail,1,1,0,1,RptWrtForwardingLetterId
adc,ReportWritingForwardingLetterMaster,PK_ReportWritingForwardingLetterMaster,1,1,0,1,ForwardingLetterId
adc,ReportWritingForwardingLetterRow,PK_ReportWritingForwardingLetterRow,1,1,0,1,RptWrtForLetRowId
adc,ReportWritingForwardingLetterRowColumn,PK_ReportWritingForwardingLetterRowColumn,1,1,0,1,RptWrtForLetRowColumnId
adc,ReportWritingForwardingLetterTemplate,PK_ReportWritingForwardingLetterTempl,1,1,0,1,RptWrtForwardingLetterTemplateId
adc,ReportWritingGenerateReport,PK__ReportWr__C4FA21381D906D23,1,1,0,1,ReportWritingGenerateReportId
adc,ReportWritingIAD,PK_ReportWritingIAD,1,1,0,1,ReportWritingIADId
adc,ReportWritingIcqCategory,PK_ReportWritingIcqCategory,1,1,0,1,ReportWritingIcqCategoryId
adc,ReportWritingIcqParticular,PK_ReportWritingIcqParticular,1,1,0,1,ReportWritingIcqParticularId
adc,ReportWritingMisInformation,PK_ReportWritingMisInformation,1,1,0,1,RptWrtMisInfoId
adc,ReportWritingMisSection,PK_ReportWritingMisSection,1,1,0,1,MisSectionId
adc,ReportWritingMisSectionDetail,PK_ReportWritingReportSectionDetail,1,1,0,1,MisSectionDetailId
adc,ReportWritingPageIndex,PK_ReportWritingPageIndex,1,1,0,1,PageIndexId
adc,ReportWritingPageIndexSection,PK_ReportWritingPageIndexSection,1,1,0,1,TemplateSectionId
adc,ReportWritingPageIndexTemplate,PK__ReportWritingPageIndex__169EC3961F112D99,1,1,0,1,PageIndexId
adc,ReportWritingPermSetting,PK__ReportWritingPermSetting,1,1,0,1,ReportWritingPermSettingId
adc,ReportWritingPermSettingAuditType,PK_ReportWritingPermSettingAuditType,1,1,0,1,ReportWritingPermSettingAuditTypeId
adc,ReportWritingPermSettingProgrammeGroup,PK_ReportWritingPermSettingProgrammeGroup,1,1,0,1,ReportWritingPermSettingProgrammeGroupId
adc,ReportWritingPermSettingReportType,PK_ReportWritingPermSettingReportType,1,1,0,1,ReportWritingPermSettingReportTypeId
adc,ReportWritingReport,PK_ReportWritingReport,1,1,0,1,ReportWritingReportId
adc,ReportWritingReportCategory,PK_ReportWritingReportCategory,1,1,0,1,ReportWritingReportCategoryId
adc,ReportWritingReportDoc,PK_ReportWritingReportDoc,1,1,0,1,ReportWritingReportDocId
adc,ReportWritingReportGenerateDoc,PK_ReportWritingReportGenerateDoc,1,1,0,1,ReportWritingReportGenerateDocId
adc,ReportWritingReportHistory,PK_ReportWritingReportHistory,1,1,0,1,ReportWritingReportHistoryId
adc,ReportWritingReportNotification,PK_ReportWritingReportNotification,1,1,0,1,ReportWritingReportNotificationId
adc,ReportWritingReportSignature,PK_ReportWritingReportSignature,1,1,0,1,ReportSignatureId
adc,ReportWritingReportType,PK__ReportWr__54152662626DC4BC,1,1,0,1,ReportWritingReportTypeId
adc,ReportWritingReportVersionDoc,PK_ReportWritingReportVersionDoc,1,1,0,1,ReportWritingReportVersionDocId
adc,ReportWritingRulesSetting,PK_ReportWritingRulesSetting,1,1,0,1,ReportRulesSettingsId
adc,ReportWritingSection,PK_ReportWritingSection,1,1,0,1,ReportSectionId
adc,ReportWritingSectionDetail,PK_ReportWritingSectionDetail,1,1,0,1,SectionDetailId
adc,ReportWritingStatus,PK_ReportWritingStatus,1,1,0,1,ReportWritingStatusId
biams,BIAMSArchive,PK__BIAMSArc__3EF72CBC19DBD0E6,1,1,0,1,BIAMSArchiveId
biams,BIAMSAuditArchive,PK__BIAMSAud__BD7B7D2FB3720284,1,1,0,1,BIAMSAuditArchiveId
biams,BIAMSAuditBranchProject,PK__BIAMSAud__A3576C71D66A5F4F,1,1,0,1,BIAMSAuditBranchProjectId
biams,BIAMSAuditReport,PK__BIAMSAud__F6ED9C933F4B4160,1,1,0,1,BIAMSAuditReportId
biams,BIAMSReportCategoryDetail,PK__BIAMSRep__A1AF898D34C9111E,1,1,0,1,BIAMSReportCategoryDetailId
biams,ProcessedItem,PK__Processe__7F8F23934F44BF01,1,1,0,1,ProcessedItemId
bis,HeadingDataType,PK_HeadingDataType,1,1,0,1,HeadingDataTypeId
dbo,__EFMigrationsHistory,PK___EFMigrationsHistory,1,1,0,1,MigrationId
dbo,ApplicationInfo,PK_ApplicationInfo,1,1,0,1,AppId
dbo,AssessmentQuestion,PK_AssessmentQuestion,1,1,0,1,AssesmentQuestionId
dbo,AssignManager,PK_AssignManager,1,1,0,1,AssignManagerId
dbo,AuditLog,PK_AuditLog,1,1,0,1,AuditLogId
dbo,AuditLogOperation,PK_AuditOperation,1,1,0,1,AuditLogOperationId
dbo,BracStaff,IX_BracStaff,0,0,0,1,CreatedDate
dbo,BracStaff,IX_BracStaff,0,0,0,2,EmailAddress
dbo,BracStaff,IX_BracStaff_1,0,0,0,1,StaffPin
dbo,BracStaff,IX_BracStaff_1,0,0,0,2,StaffName
dbo,BracStaff,PK_BracStaff,1,1,0,1,BracStaffId
dbo,BracStaff,UK_BracStaff_StaffPIN,0,1,1,1,StaffPin
dbo,CommentAreaType,PK__CommentAreaType,1,1,0,1,CommentAreaTypeId
dbo,CoreProgramme,PK_CoreProgramme,1,1,0,1,CoreProgrammeId
dbo,DashboardSnapshot,IX_DashboardSnapshot_Latest,0,0,0,1,ScopeHash
dbo,DashboardSnapshot,IX_DashboardSnapshot_Latest,0,0,0,2,PlanYear
dbo,DashboardSnapshot,IX_DashboardSnapshot_Latest,0,0,0,3,PeriodKey
dbo,DashboardSnapshot,IX_DashboardSnapshot_Latest,0,0,0,4,Status
dbo,DashboardSnapshot,IX_DashboardSnapshot_Latest,0,0,0,5,PublishedAt
dbo,DashboardSnapshot,PK_DashboardSnapshot,1,1,0,1,DashboardSnapshotId
dbo,DashboardSnapshotMapf,PK_DashboardSnapshotMapf,1,1,0,1,DashboardSnapshotId
dbo,DashboardSnapshotPendingStatus,PK_DashboardSnapshotPendingStatus,1,1,0,1,DashboardSnapshotId
dbo,DashboardSnapshotPendingStatus,PK_DashboardSnapshotPendingStatus,1,1,0,2,StatusKey
dbo,DashboardSnapshotPortfolio,IX_DashboardSnapshotPortfolio_Read,0,0,0,1,DashboardSnapshotId
dbo,DashboardSnapshotPortfolio,IX_DashboardSnapshotPortfolio_Read,0,0,0,2,TabKey
dbo,DashboardSnapshotPortfolio,IX_DashboardSnapshotPortfolio_Read,0,0,0,3,SortOrder
dbo,DashboardSnapshotRisk,IX_DashboardSnapshotRisk_Read,0,0,0,1,DashboardSnapshotId
dbo,DashboardSnapshotRisk,IX_DashboardSnapshotRisk_Read,0,0,0,2,RiskCode
dbo,DashboardSnapshotRisk,PK_DashboardSnapshotRisk,1,1,0,1,DashboardSnapshotId
dbo,DashboardSnapshotRisk,PK_DashboardSnapshotRisk,1,1,0,2,RiskCode
dbo,DashboardSnapshotSummary,PK_DashboardSnapshotSummary,1,1,0,1,DashboardSnapshotId
dbo,DashboardSnapshotSummary,PK_DashboardSnapshotSummary,1,1,0,2,CardKey
dbo,DigitalSignature,PK_DigitalSignature,1,1,0,1,DigitalSignatureId
dbo,DocumentRootPathConfig,PK_DocumentRootPathConfig,1,1,0,1,ID
dbo,EmailConfiguration,PK__EmailCon__1452379B45879EB8,1,1,0,1,EmailConfigurationId
dbo,EmailNotificationHistory,PK__EmailNot__3214EC07B1DCAE9C,1,1,0,1,Id
dbo,EmailSendGridEvent,IX_EmailSendGridEvent_Log_EventTimestamp,0,0,0,1,EmailSendLogId
dbo,EmailSendGridEvent,IX_EmailSendGridEvent_Log_EventTimestamp,0,0,0,2,EventTimestamp
dbo,EmailSendGridEvent,PK_EmailSendGridEvent,1,1,0,1,EmailSendGridEventId
dbo,EmailSendGridEvent,UX_EmailSendGridEvent_SgEventId,0,1,0,1,SgEventId
dbo,EmailSendLog,IX_EmailSendLog_CorrelationId,0,0,0,1,CorrelationId
dbo,EmailSendLog,IX_EmailSendLog_RecipientEmail_AttemptedAt,0,0,0,1,RecipientEmail
dbo,EmailSendLog,IX_EmailSendLog_RecipientEmail_AttemptedAt,0,0,0,2,AttemptedAt
dbo,EmailSendLog,IX_EmailSendLog_Status,0,0,0,1,AppSendStatus
dbo,EmailSendLog,IX_EmailSendLog_Status,0,0,0,2,ProviderStatus
dbo,EmailSendLog,PK_EmailSendLog,1,1,0,1,EmailSendLogId
dbo,EmailSmsHistory,PK_EmailSmsHistory,1,1,0,1,EmailSmsHistoryId
dbo,FinancialUpazila,PK_FinancialUpazila,1,1,0,1,FinancialUpazilaId
dbo,ForwardingLetterTemplate,PK_ReportWritingForwardingLetterTempl,1,1,0,1,ForLetTempId
dbo,ForwardingLetterType,PK_ForwardingLetterType,1,1,0,1,ForwardingLetterTypeId
dbo,NotificationEventType,PK_NotificationEventType,1,1,0,1,NotificationEventTypeId
dbo,NotificationLog,PK__Notifica__DD349412B3371287,1,1,0,1,NotificationLogId
dbo,NotificationPriority,PK__NotificationPriority,1,1,0,1,NotificationPriorityId
dbo,NotificationQueueSystem,PK_NotificationQueueSystem,1,1,0,1,NotificationQueueSystemId
dbo,NotificationQueueSystemDetail,PK_NotificationQueueSystemDetail,1,1,0,1,NotificationQueueSystemDetailId
dbo,NotificationStatus,PK__NotificationStatus,1,1,0,1,NotificationStatusId
dbo,NotificationTemplateTag,PK_NotificationTemplateTag,1,1,0,1,NotificationTemplateTagId
dbo,NotificationTemplateTagDetail,PK_NotificationTemplateTagDetail,1,1,0,1,NotificationTemplateTagDetailId
dbo,NotificationType,PK__Notifica__299002C1DC1D50DA,1,1,0,1,NotificationTypeId
dbo,ObjectType,PK_ObjectType,1,1,0,1,ObjectTypeId
dbo,ObservationTemplateMaster,PK_ObservationTemplateMaster,1,1,0,1,ID
dbo,ReleaseNote,PK_ReleaseNote,1,1,0,1,ReleaseNoteId
dbo,ReleaseNoteDetail,PK_ReleaseNoteDetail,1,1,0,1,ReleaseNoteDetailId
dbo,SecuredLink,PK__SecuredL__3214EC07432B895A,1,1,0,1,Id
dbo,SmsConfiguration,PK__SmsConfi__3214EC07EEF21CE7,1,1,0,1,SmsConfigurationId
dbo,SyncHistory,PK_Sync,1,1,0,1,SyncHistoryId
dbo,sysdiagrams,PK__sysdiagr__C2B05B61E72459D1,1,1,0,1,diagram_id
dbo,sysdiagrams,UK_principal_name,0,1,1,1,principal_id
dbo,sysdiagrams,UK_principal_name,0,1,1,2,name
dbo,SystemNotificationDetail,PK_SystemNotificationDetail,1,1,0,1,SystemNotificationDetailId
dbo,UtilitySqlResult,PK_UtilitySqlResult,1,1,0,1,ResultId
di,LoanCollectionInformation,PK_LoanCollectionInformation,1,1,0,1,LoanCollectionInformationId
di,LoanDisbursementInformation,PK_LoanDisbursementInformation,1,1,0,1,LoanDisbursementInformationId
di,LoanDisbursementOverdueInformation,PK_LoanDisbursementOverdueInformation,1,1,0,1,LoanDisbursementOverdueInformationId
di,Particular,PK_Particular,1,1,0,1,ParticularId
di,PeriodPerformanceGrowth,PK_PeriodPerformanceGrowth,1,1,0,1,PeriodPerformanceGrowthId
di,SlaveWiseDisbursmentInformation,PK_SlaveWiseDisbursmentInformation,1,1,0,1,SlaveWiseDisbursmentInformationId
di,VoInformation,PK_VoInformation,1,1,0,1,VoInformationId
dms,Content,PK__Content__2907A81E9D3249A5,1,1,0,1,ContentId
dms,ContentDetail,PK_ContentDetails,1,1,0,1,ContentDetailId
dms,ContentType,PK__ContentT__2026064A55DBAAEB,1,1,0,1,ContentTypeId
dms,Directory,PK_Directory,1,1,0,1,DirectoryId
dms,DocumentLibrary,PK_DocumentLibrary,1,1,0,1,DocumentLibraryId
dms,DocumentSource,PK_DocumentSource,1,1,0,1,DocumentSourceId
dms,DocumentStructureConfiguration,PK_DocumentStructureConfiguration,1,1,0,1,DocumentStructureConfigurationId
dms,FileStorageHistory,PK_FileStorageHistory,1,1,0,1,FileStorageHistoryId
dms,FileStorageType,PK_FileStorageType,1,1,0,1,FileStorageTypeId
dms,Node,PK__Node__6BAE2263FDEDD7F9,1,1,0,1,NodeId
dti,BranchRiskAnalysisData,PK__BranchRi__E0358E947C37B663,1,1,0,1,BranchRiskAnalysisDataId
HangFire,AggregatedCounter,IX_HangFire_AggregatedCounter_ExpireAt,0,0,0,1,ExpireAt
HangFire,AggregatedCounter,PK_HangFire_CounterAggregated,1,1,0,1,Key
HangFire,Counter,PK_HangFire_Counter,1,1,0,1,Key
HangFire,Counter,PK_HangFire_Counter,1,1,0,2,Id
HangFire,Hash,IX_HangFire_Hash_ExpireAt,0,0,0,1,ExpireAt
HangFire,Hash,PK_HangFire_Hash,1,1,0,1,Key
HangFire,Hash,PK_HangFire_Hash,1,1,0,2,Field
HangFire,Job,IX_HangFire_Job_ExpireAt,0,0,0,0,StateName
HangFire,Job,IX_HangFire_Job_ExpireAt,0,0,0,1,ExpireAt
HangFire,Job,IX_HangFire_Job_StateName,0,0,0,1,StateName
HangFire,Job,PK_HangFire_Job,1,1,0,1,Id
HangFire,JobParameter,PK_HangFire_JobParameter,1,1,0,1,JobId
HangFire,JobParameter,PK_HangFire_JobParameter,1,1,0,2,Name
HangFire,JobQueue,PK_HangFire_JobQueue,1,1,0,1,Queue
HangFire,JobQueue,PK_HangFire_JobQueue,1,1,0,2,Id
HangFire,List,IX_HangFire_List_ExpireAt,0,0,0,1,ExpireAt
HangFire,List,PK_HangFire_List,1,1,0,1,Key
HangFire,List,PK_HangFire_List,1,1,0,2,Id
HangFire,Schema,PK_HangFire_Schema,1,1,0,1,Version
HangFire,Server,IX_HangFire_Server_LastHeartbeat,0,0,0,1,LastHeartbeat
HangFire,Server,PK_HangFire_Server,1,1,0,1,Id
HangFire,Set,IX_HangFire_Set_ExpireAt,0,0,0,1,ExpireAt
HangFire,Set,IX_HangFire_Set_Score,0,0,0,1,Key
HangFire,Set,IX_HangFire_Set_Score,0,0,0,2,Score
HangFire,Set,PK_HangFire_Set,1,1,0,1,Key
HangFire,Set,PK_HangFire_Set,1,1,0,2,Value
HangFire,State,IX_HangFire_State_CreatedAt,0,0,0,1,CreatedAt
HangFire,State,PK_HangFire_State,1,1,0,1,JobId
HangFire,State,PK_HangFire_State,1,1,0,2,Id
map,Branch,PK_Branch,1,1,0,1,BranchId
map,BranchProject,IX_BranchProject,0,0,0,1,BranchProjectId
map,BranchProject,IX_BranchProject,0,0,0,2,ProgrammeGroupId
map,BranchProject,IX_BranchProject,0,0,0,3,ProgrammeId
map,BranchProject,IX_BranchProject,0,0,0,4,SubProgrammeId
map,BranchProject,IX_BranchProject,0,0,0,5,ProjectId
map,BranchProject,IX_BranchProject,0,0,0,6,BranchId
map,BranchProject,PK_BranchProjec,1,1,0,1,BranchProjectId
map,BranchProjectAudit,IX_BranchProjectAudit,0,0,0,1,BranchProjectAuditId
map,BranchProjectAudit,IX_BranchProjectAudit,0,0,0,2,BranchProjectId
map,BranchProjectAudit,IX_BranchProjectAudit,0,0,0,3,ProgrammeGroupId
map,BranchProjectAudit,IX_BranchProjectAudit,0,0,0,4,ProgrammeId
map,BranchProjectAudit,IX_BranchProjectAudit,0,0,0,5,SubProgrammeId
map,BranchProjectAudit,IX_BranchProjectAudit,0,0,0,6,ProjectId
map,BranchProjectAudit,IX_BranchProjectAudit,0,0,0,7,BranchId
map,BranchProjectAudit,PK_BranchProjectAudit,1,1,0,1,BranchProjectAuditId
map,BranchProjectOrgArea,PK_BranchProjectOrgArea,1,1,0,1,BranchProjectOrgAreaId
map,BranchProjectOrgDistrict,PK_BranchProjectOrgDistrict,1,1,0,1,BranchProjectOrgDistrictId
map,BranchProjectOrgDivision,PK_BranchProjectOrgDivision,1,1,0,1,BranchProjectOrgDivisionId
map,BranchProjectOrgUpazila,PK_BranchProjectOrgUpazila,1,1,0,1,BranchProjectOrgUpazilaId
map,BranchProjectRisk,IX_BranchProjectRisk,0,0,0,1,ProgrammeGroupId
map,BranchProjectRisk,IX_BranchProjectRisk,0,0,0,2,ProgrammeId
map,BranchProjectRisk,IX_BranchProjectRisk,0,0,0,3,BranchId
map,BranchProjectRisk,IX_BranchProjectRisk,0,0,0,4,ProjectId
map,BranchProjectRisk,IX_BranchProjectRisk,0,0,0,5,MeasuringYear
map,BranchProjectRisk,IX_BranchProjectRisk,0,0,0,6,MeasuringMonth
map,BranchProjectRisk,IX_BranchProjectRisk,0,0,0,7,EffectiveDate
map,BranchProjectRisk,IX_BranchProjectRisk_Latest,0,0,0,0,BranchProjectRiskId
map,BranchProjectRisk,IX_BranchProjectRisk_Latest,0,0,0,0,RiskTypeId
map,BranchProjectRisk,IX_BranchProjectRisk_Latest,0,0,0,0,MeasuringYear
map,BranchProjectRisk,IX_BranchProjectRisk_Latest,0,0,0,0,MeasuringMonth
map,BranchProjectRisk,IX_BranchProjectRisk_Latest,0,0,0,0,FinancialRiskRating
map,BranchProjectRisk,IX_BranchProjectRisk_Latest,0,0,0,0,NonFinancialRiskRating
map,BranchProjectRisk,IX_BranchProjectRisk_Latest,0,0,0,0,RiskRating
map,BranchProjectRisk,IX_BranchProjectRisk_Latest,0,0,0,0,IsSync
map,BranchProjectRisk,IX_BranchProjectRisk_Latest,0,0,0,0,IsActive
map,BranchProjectRisk,IX_BranchProjectRisk_Latest,0,0,0,0,IsDeleted
map,BranchProjectRisk,IX_BranchProjectRisk_Latest,0,0,0,1,BranchId
map,BranchProjectRisk,IX_BranchProjectRisk_Latest,0,0,0,2,ProjectId
map,BranchProjectRisk,IX_BranchProjectRisk_Latest,0,0,0,3,EffectiveDate
map,BranchProjectRisk,PK_BranchProjectRisk,1,1,0,1,BranchProjectRiskId
map,BranchProjectRiskDetail,PK__BranchProjectRiskDetail,1,1,0,1,BranchProjectRiskDetailId
map,BRiskProject,PK_BRiskProject,1,1,0,1,BRiskProjectId
map,Country,PK_Country,1,1,0,1,CountryId
map,District,PK_District,1,1,0,1,DistrictId
map,Division,PK_Division,1,1,0,1,DivisionId
map,Organization,PK_Organization,1,1,0,1,OrganizationId
map,OrgArea,PK__OrgArea__277A204E52AE71DB,1,1,0,1,OrgAreaId
map,OrgDistrict,PK__OrgDistr__BE985E7FA53C6421,1,1,0,1,OrgDistrictId
map,OrgDivision,PK__OrgDivis__C704826298A514A6,1,1,0,1,OrgDivisionId
map,OrgUpazila,PK__OrgUpazi__38FC6A569AD8E05A,1,1,0,1,OrgUpazilaId
map,Programme,PK_Programme,1,1,0,1,ProgrammeId
map,ProgrammeGroup,PK_ProgrammeGroup,1,1,0,1,ProgrammeGroupId
map,ProgrammeGroupProgramme,PK_ProgrammeGroupProgramme,1,1,0,1,ProgrammeGroupProgrammeId
map,ProgrammeMappingHistory,PK_ProgrammeMappingHistory,1,1,0,1,ProgrammeMappingHistoryId
map,ProgrammeSubProgramme,PK_ProgrammeSubProgramme,1,1,0,1,ProgrammeSubProgrammeId
map,Project,PK_Project,1,1,0,1,ProjectId
map,SubProgramme,PK_SubProgramme,1,1,0,1,SubProgrammeId
map,SubProgrammeProject,IX_SubProgrammeProject,0,0,0,1,ProgrammeGroupId
map,SubProgrammeProject,IX_SubProgrammeProject,0,0,0,2,ProgrammeId
map,SubProgrammeProject,IX_SubProgrammeProject,0,0,0,3,SubProgrammeId
map,SubProgrammeProject,IX_SubProgrammeProject,0,0,0,4,ProjectId
map,SubProgrammeProject,PK_SubProgrammeProject,1,1,0,1,SubProgrammeProjectId
map,Upazila,PK_Upazila,1,1,0,1,UpazilaId
mis,APRDetailsData,PK__APRDetai__4815C8D14FF90766,1,1,0,1,APRDetailsDataId
mis,AprFinalScoreData,PK__AprFinal__0955666EFCDDB619,1,1,0,1,AprFinalScoreDataId
mis,APRSummaryData,PK__APRSumma__537549738A596000,1,1,0,1,APRSummaryDataId
mis,DynamicMisReport,PK__DynamicM__B797EF0DD6080CAF,1,1,0,1,DynamicMisReportId
mis,MISDynamicReportData,PK_MISDynamicReportData,1,1,0,1,MISDynamicReportDataId
mis,MisReportHeaderDetail,PK__DynamicM__FA3439882F4E1FB5,1,1,0,1,MisReportHeaderId
mis,MisReportHeaderType,PK__MisRepor__6CB31389C5E43836,1,1,0,1,MisReportTypeId
mis,SegregationOfFullReportOrObservation,PK__Segregat__3214EC075A9343CA,1,1,0,1,Id
mis,SegregationOfFullReportOrObservation,UQ__Segregat__072A0FF5EC12FB25,0,1,1,1,DisplayText
ofl,ActiveInactiveStatus_STAGE,PK_ActiveInactiveStatus,1,1,0,1,IsActive
ofl,AppComponent_STAGE,PK_AppComponent,1,1,0,1,ComponentId
ofl,AppComponentGroup_STAGE,PK_AppComponentGroup,1,1,0,1,ComponentGroupId
ofl,AppComponentSection_STAGE,PK_AppComponentSection,1,1,0,1,ComponentSectionId
ofl,AppComponentType_STAGE,PK_AppComponentType,1,1,0,1,ComponentTypeId
ofl,AppRoleAndPermission_STAGE,PK_AppRoleAndPermission,1,1,0,1,PermissionId
ofl,AppUser_STAGE,PK__AppUser__FC65C7304DEEB3A6,1,1,0,1,AppUserId
ofl,AppUser_STAGE,UQ__AppUser__C9F28456EC3B1661,0,1,1,1,UserName
ofl,AppUserAuthOtp_STAGE,PK_AppUserAuthOtp,1,1,0,1,AuthOtpId
ofl,AspNetRoleClaims_STAGE,PK_AspNetRoleClaims,1,1,0,1,Id
ofl,AspNetRoles_STAGE,PK_AspNetRoles,1,1,0,1,Id
ofl,AspNetUserClaims_STAGE,PK_AspNetUserClaims,1,1,0,1,Id
ofl,AspNetUserLogins_STAGE,PK_AspNetUserLogins,1,1,0,1,LoginProvider
ofl,AspNetUserLogins_STAGE,PK_AspNetUserLogins,1,1,0,2,ProviderKey
ofl,AspNetUserRoles_STAGE,PK_AspNetUserRoles,1,1,0,1,Id
ofl,AspNetUsers_STAGE,PK_AspNetUsers,1,1,0,1,Id
ofl,AudConObsAccusedPerson_STAGE,PK__AudConObsAccusedPerson,1,1,0,1,AudConObsAccusedPersonId
ofl,AuditCategory_STAGE,PK_AuditCategory,1,1,0,1,AuditCategoryId
ofl,AuditConduction_STAGE,PK_AuditConduction,1,1,0,1,AuditConductionId
ofl,AuditConductionControl_STAGE,PK_AuditConductionControl,1,1,0,1,AuditConductionControlId
ofl,AuditConductionControlAssertion_STAGE,PK_AuditConductionControlAssertion,1,1,0,1,AuditConductionControlAssertionId
ofl,AuditConductionControlDetail_STAGE,PK_AuditConductionControlDetail,1,1,0,1,AuditConductionControlDetailId
ofl,AuditConductionControlSampleInfo_STAGE,PK_AuditConductionControlSampleInfo,1,1,0,1,AuditConductionControlSampleInfoId
ofl,AuditConductionDesignAssesment_STAGE,PK_AuditConductionDesignAssesment,1,1,0,1,AuditConductionDesignAssesmentId
ofl,AuditConductionDocument_STAGE,PK_AuditConductionDocument,1,1,0,1,AuditConductionDocumentId
ofl,AuditConductionDocumentType_STAGE,PK_AuditConductionDocumentType,1,1,0,1,AuditConductionDocumentTypeId
ofl,AuditConductionMeeting_STAGE,PK__AuditCon__B765E3D9072664A6,1,1,0,1,AudConMeetingId
ofl,AuditConductionMeetingDecision_STAGE,PK__AuditCon__31161CCEE6D34C58,1,1,0,1,AuditConductionMeetingDecisionId
ofl,AuditConductionMeetingDetail_STAGE,PK__AuditCon__04CFB550A4335566,1,1,0,1,AudConMeetingDetailId
ofl,AuditConductionMeetingExpectation_STAGE,PK__AuditCon__88835096A0A0F366,1,1,0,1,AuditConductionMeetingExpectationId
ofl,AuditConductionMeetingFocusArea_STAGE,PK__AuditCon__AD7F070C4F5135D0,1,1,0,1,AudConMeetingFocusAreaId
ofl,AuditConductionMeetingMember_STAGE,PK__AuditCon__58533A64BC4F0DDC,1,1,0,1,AuditConductionMeetingMemberId
ofl,AuditConductionMeetingStatus_STAGE,PK_AuditConductionMeetingStatus,1,1,0,1,AudConMeetingStatusId
ofl,AuditConductionMeetingType_STAGE,PK_AuditConductionMeetingType,1,1,0,1,AudConMeetingTypeId
ofl,AuditConductionMovement_STAGE,PK__AuditCon__7A1ED518DF76BB91,1,1,0,1,AuditConductionMovementId
ofl,AuditConductionObservation_STAGE,PK_AuditConductionObservation,1,1,0,1,AudConObsId
ofl,AuditConductionObservationComment_STAGE,PK__AuditCon__1658B627159C6FEC,1,1,0,1,AudConObsComId
ofl,AuditConductionObservationControl_STAGE,PK__AuditCon__4F4F192CD134699F,1,1,0,1,AudConObsControlId
ofl,AuditConductionObservationDesignAssesment_STAGE,PK__AuditCon__A47D8F47B68BFA09,1,1,0,1,AudConObsDesignAssesmentId
ofl,AuditConductionObservationRecommend_STAGE,PK__AuditCon__3BE75DE90ADD2728,1,1,0,1,AudConObsRecomId
ofl,AuditConductionObservationRow_STAGE,PK_AuditConductionObservationRow,1,1,0,1,AudConObsRowId
ofl,AuditConductionObservationRowColumn_STAGE,PK_AuditConductionObservationRowColumn,1,1,0,1,AudConObsRowColumnId
ofl,AuditConductionObservationSubstantive_STAGE,PK__AuditCon__2C1A95B04E4760D3,1,1,0,1,AudConObsSubstantiveId
ofl,AuditConductionObservationType_STAGE,PK_AuditConductionObservationType,1,1,0,1,AudConObsTypeId
ofl,AuditConductionPlanningDocument_STAGE,PK_AuditConductionPlanningDocument,1,1,0,1,AuditConductionPlanningDocumentId
ofl,AuditConductionPlanningDocumentStage_STAGE,PK_AuditConductionPlanningDocumentStage,1,1,0,1,AuditConductionPlanningDocumentStageId
ofl,AuditConductionPlanningDocumentStageGroup_STAGE,PK_AuditConductionPlanningDocumentStageGroup,1,1,0,1,AuditConductionPlanningDocumentStageGroupId
ofl,AuditConductionPlanningDocumentStatus_STAGE,PK_AuditConductionPlanningDocumentStatus,1,1,0,1,AuditConductionPlanningDocumentStatusId
ofl,AuditConductionPlanningProcess_STAGE,PK_AuditConductionPlanningProcess,1,1,0,1,AuditConductionPlanningProcessId
ofl,AuditConductionPlanningSubProcess_STAGE,PK_AuditConductionPlanningSubProcess,1,1,0,1,AuditConductionPlanningSubProcessId
ofl,AuditConductionStatus_STAGE,PK_AuditConductionStatus,1,1,0,1,AuditConductionStatusId
ofl,AuditConductionStep_STAGE,PK__AuditCon__111DEE2C5CC9FDD9,1,1,0,1,AuditConStepId
ofl,AuditConductionSubstantive_STAGE,PK_AuditConductionSubstantive,1,1,0,1,AuditConductionSubstantiveId
ofl,AuditConductionSubstantiveAssertion_STAGE,PK_AuditConductionSubstantiveAssertion,1,1,0,1,AuditConductionSubstantiveAssertionId
ofl,AuditConductionSubstantiveDetail_STAGE,PK_AuditConductionSubstantiveDetail,1,1,0,1,AuditConductionSubstantiveDetailId
ofl,AuditConductionSubstantiveSampleInfo_STAGE,PK_AuditConductionSubstantiveSampleInfo,1,1,0,1,AuditConductionSubstantiveSampleInfoId
ofl,AuditStep_STAGE,PK_std.AuditStep,1,1,0,1,AuditStepId
ofl,AuditType_STAGE,PK__AuditTyp__169EC3961F112D99,1,1,0,1,AuditTypeId
ofl,BracStaffStatus_STAGE,PK_BracStaffStatus,1,1,0,1,StaffStatusId
ofl,Branch_STAGE,PK_Branch_STAGE,1,1,0,1,BranchId
ofl,BranchProject_STAGE,PK_BranchProjec,1,1,0,1,BranchProjectId
ofl,BranchProjectAudit_STAGE,PK_BranchProjectAudit,1,1,0,1,BranchProjectAuditId
ofl,BranchProjectOrgArea_STAGE,PK_BranchProjectOrgArea,1,1,0,1,BranchProjectOrgAreaId
ofl,BranchProjectOrgDistrict_STAGE,PK_BranchProjectOrgDistrict,1,1,0,1,BranchProjectOrgDistrictId
ofl,BranchProjectOrgDivision_STAGE,PK_BranchProjectOrgDivision,1,1,0,1,BranchProjectOrgDivisionId
ofl,BranchProjectOrgUpazila_STAGE,PK_BranchProjectOrgUpazila,1,1,0,1,BranchProjectOrgUpazilaId
ofl,BranchProjectRisk_STAGE,PK_BranchProjectRisk,1,1,0,1,BranchProjectRiskId
ofl,BranchProjectRiskDetail_STAGE,PK__BranchProjectRiskDetail,1,1,0,1,BranchProjectRiskDetailId
ofl,BRiskProject_STAGE,PK_BRiskProject,1,1,0,1,BRiskProjectId
ofl,Compliance_STAGE,PK_Compliance,1,1,0,1,ComplianceId
ofl,Contain_STAGE,PK_Contain,1,1,0,1,ContainId
ofl,Container_STAGE,PK_Container,1,1,0,1,ContainerId
ofl,ContainerContain_STAGE,PK_ContainerContain,1,1,0,1,ContainerContainId
ofl,ContainerContainRow_STAGE,PK_ContainerContainRow,1,1,0,1,ContainerContainRowId
ofl,ContainerContainRowColumn_STAGE,PK_ContainerContainRowColumn,1,1,0,1,ContainerContainRowColumnId
ofl,ContainerStaging_STAGE,PK_ContainerStaging,1,1,0,1,ContainerId
ofl,ContainType_STAGE,PK_ContainType,1,1,0,1,ContainTypeId
ofl,Country_STAGE,PK_Country,1,1,0,1,CountryId
ofl,DashboardCard_STAGE,PK_DashboardCard,1,1,0,1,DashboardCardId
ofl,Department_STAGE,PK_Department,1,1,0,1,DepartmentId
ofl,Depratment_STAGE,PK_Depratment,1,1,0,1,DepratmentId
ofl,Designation_STAGE,PK__Designation__3214EC275812160E,1,1,0,1,DesignationId
ofl,District_STAGE,PK_District,1,1,0,1,DistrictId
ofl,Division_STAGE,PK_Division,1,1,0,1,DivisionId
ofl,DonarInformation_STAGE,PK__DonarInformation,1,1,0,1,DonarInformationId
ofl,EmailAddressBook_STAGE,PK_EmailAddressBook,1,1,0,1,EmailAddressBookId
ofl,EmailDirectoryUpdateHistory_STAGE,PK_EmailDirectoryUpdateHistory,1,1,0,1,UpdateHistoryId
ofl,EmailGroup_STAGE,PK_EmailGroup,1,1,0,1,EmailGroupId
ofl,EmailGroupDetail_STAGE,PK_EmailGroupDetail,1,1,0,1,EmailGroupDetailId
ofl,EntranceMeetingDecision_STAGE,PK_EntranceMeetingDecision,1,1,0,1,EntranceMeetingDecisionId
ofl,Heading_STAGE,PK_Heading,1,1,0,1,HeadingId
ofl,HeadingSource_STAGE,PK_HeadingSource,1,1,0,1,HeadingSourceId
ofl,HeadingType_STAGE,PK_HeadingType,1,1,0,1,HeadingTypeId
ofl,Language_STAGE,PK_Language,1,1,0,1,LanguageId
ofl,LOG_STAGE,PK_LOG_STAGE,1,1,0,1,ID
ofl,MovementType_STAGE,PK__MovementTypes__3214EC275812160E,1,1,0,1,MovementTypeId
ofl,Observation_STAGE,PK_Observation,1,1,0,1,ObservationId
ofl,ObservationCategory_STAGE,PK_ObservationCategory,1,1,0,1,ObservationCategoryId
ofl,ObservationCharacteristic_STAGE,PK_ObservationCharacteristic,1,1,0,1,ObservationCharacteristicId
ofl,ObservationCharacteristicDetail_STAGE,PK_ObservationCharacteristicDetail,1,1,0,1,ObservationCharacteristicDetailId
ofl,ObservationDetail_STAGE,PK_ObservationDetail,1,1,0,1,ObservationDetailId
ofl,Organization_STAGE,PK_Organization,1,1,0,1,OrganizationId
ofl,OrgArea_STAGE,PK__OrgArea__277A204E52AE71DB,1,1,0,1,OrgAreaId
ofl,OrgDistrict_STAGE,PK__OrgDistr__BE985E7FA53C6421,1,1,0,1,OrgDistrictId
ofl,OrgDivision_STAGE,PK__OrgDivis__C704826298A514A6,1,1,0,1,OrgDivisionId
ofl,OrgUpazila_STAGE,PK__OrgUpazi__38FC6A569AD8E05A,1,1,0,1,OrgUpazilaId
ofl,PlanningDocumentComment_STAGE,PK_adc.PlanningDocumentComment,1,1,0,1,PlanningDocumentCommentId
ofl,PlanningDocumentRequisition_STAGE,PK_adc.PlanningDocumentRequisition,1,1,0,1,PlanningDocumentRequisitionId
ofl,PlanningDocumentRequisitionSlotDetail_STAGE,PK_adc.PlanningDocumentRequisitionSlotDetail,1,1,0,1,PlanningDocumentRequisitionSlotDetailId
ofl,Programme_STAGE,PK_Programme,1,1,0,1,ProgrammeId
ofl,ProgrammeGroup_STAGE,PK_ProgrammeGroup,1,1,0,1,ProgrammeGroupId
ofl,ProgrammeGroupProgramme_STAGE,PK_ProgrammeGroupProgramme,1,1,0,1,ProgrammeGroupProgrammeId
ofl,ProgrammeSubProgramme_STAGE,PK_ProgrammeSubProgramme,1,1,0,1,ProgrammeSubProgrammeId
ofl,Project_STAGE,PK_Project,1,1,0,1,ProjectId
ofl,QueryDataDictionary_STAGE,PK_TempDataDictionary,1,1,0,1,Id
ofl,ReportContent_STAGE,PK_ReportContent,1,1,0,1,ReportContentId
ofl,ReportContentHeading_STAGE,PK_ReportContentHeading,1,1,0,1,ReportContentHeadingId
ofl,ReportTemplate_STAGE,PK__ReportTe__C7EA2806927B4D10,1,1,0,1,ReportTemplateId
ofl,ReportType_STAGE,PK__ReportTy__78CF8CE3257200F3,1,1,0,1,ReportTypeId
ofl,ReportWritingAnnexure_STAGE,PK_ReportWritingAnnexure,1,1,0,1,ReportWritingAnnexureId
ofl,ReportWritingAPR_STAGE,PK_ReportWritingAPR,1,1,0,1,ReportWritingAPRId
ofl,ReportWritingBasicInformation_STAGE,PK_ReportWritingBasicInformation,1,1,0,1,ReportWritingBasicInfoId
ofl,ReportWritingConplianceExternal_STAGE,PK_ReportWritingConplianceExternal,1,1,0,1,ReportWritingConplianceExternalId
ofl,ReportWritingConplianceICQ_STAGE,PK_ReportWritingConplianceICQ,1,1,0,1,ReportWritingConplianceICQId
ofl,ReportWritingConplianceInternal_STAGE,PK_ReportWritingConplianceInternal,1,1,0,1,ReportWritingConplianceInternalId
ofl,ReportWritingConplianceStatus_STAGE,PK_ReportWritingConplianceStatus,1,1,0,1,ReportWritingConplianceStatusId
ofl,ReportWritingEngagementBackground_STAGE,PK_ReportWritingEngagementBackground,1,1,0,1,ReportWritingEngagementBackgroundId
ofl,ReportWritingExecutiveSummary_STAGE,PK_ReportWritingExecutiveSummary,1,1,0,1,ReportWritingExecutiveSummaryId
ofl,ReportWritingFinancialInformation_STAGE,PK_ReportWritingFinancialInformation,1,1,0,1,ReportWritingFinancialInformationId
ofl,ReportWritingForwardingLetter_STAGE,PK_ReportWritingForwardingLetter,1,1,0,1,RptWrtForLetId
ofl,ReportWritingForwardingLetterRow_STAGE,PK_ReportWritingForwardingLetterRow,1,1,0,1,RptWrtForLetRowId
ofl,ReportWritingForwardingLetterRowColumn_STAGE,PK_ReportWritingForwardingLetterRowColumn,1,1,0,1,RptWrtForLetRowColumnId
ofl,ReportWritingForwardingLetterTemplate_STAGE,PK_ReportWritingForwardingLetterTemplate,1,1,0,1,RptWrtForLetTempId
ofl,ReportWritingIAD_STAGE,PK_ReportWritingIAD,1,1,0,1,ReportWritingIADId
ofl,ReportWritingIcqCategory_STAGE,PK_ReportWritingIcqCategory,1,1,0,1,ReportWritingIcqCategoryId
ofl,ReportWritingIcqParticular_STAGE,PK_ReportWritingIcqParticular,1,1,0,1,ReportWritingIcqParticularId
ofl,ReportWritingPageIndex_STAGE,PK_ReportWritingPageIndex,1,1,0,1,PageIndexId
ofl,ReportWritingPageIndexSection_STAGE,PK_ReportWritingPageIndexSection,1,1,0,1,TemplateSectionId
ofl,ReportWritingPageIndexTemplate_STAGE,PK__ReportWritingPageIndex__169EC3961F112D99,1,1,0,1,PageIndexId
ofl,ReportWritingReportCategory_STAGE,PK_ReportWritingReportCategory,1,1,0,1,ReportWritingReportCategoryId
ofl,ReportWritingReportSignature_STAGE,PK_ReportWritingReportSignature,1,1,0,1,ReportSignatureId
ofl,RiskCriteria_STAGE,PK_RiskCriteria,1,1,0,1,RiskCriteriaId
ofl,RiskCriteriaCategory_STAGE,PK__RiskCrit__570EB113BBB92AD3,1,1,0,1,RiskCriteriaCategoryId
ofl,RiskType_STAGE,PK__RiskType__213F0ECA57CC993D,1,1,0,1,RiskTypeId
ofl,StructureCategory_STAGE,PK__Structur__5BAC4973BD560A4A,1,1,0,1,StructureCategoryId
ofl,StructureElement_STAGE,PK__Structur__319268AAA5E3CC46,1,1,0,1,StructureElementId
ofl,StructureType_STAGE,PK__Structur__2D1BDA0B4058C349,1,1,0,1,StructureTypeId
ofl,SubProgramme_STAGE,PK_SubProgramme,1,1,0,1,SubProgrammeId
ofl,SubProgrammeProject_STAGE,PK_SubProgrammeProject,1,1,0,1,SubProgrammeProjectId
ofl,TablePropertyConfiguration,PK_ofl.TableProperty,1,1,0,1,ID
ofl,Upazila_STAGE,PK_Upazila,1,1,0,1,UpazilaId
ofl,UserRefreshToken_STAGE,PK_RefreshToken,1,1,0,1,RefreshTokenId
ofl,UserRole_STAGE,PK_UserRole,1,1,0,1,UserRoleId
ofl,Zone_STAGE,PK__Zone__3214EC275812160E,1,1,0,1,ZoneId
onl,AuditConduction_STAGE,PK_AuditConduction,1,1,0,1,AuditConductionId
onl,AuditConductionControl_STAGE,PK_AuditConductionControl,1,1,0,1,AuditConductionControlId
onl,AuditConductionControlAssertion_STAGE,PK_AuditConductionControlAssertion,1,1,0,1,AuditConductionControlAssertionId
onl,AuditConductionControlDetail_STAGE,PK_AuditConductionControlDetail,1,1,0,1,AuditConductionControlDetailId
onl,AuditConductionDesignAssesment_STAGE,PK_AuditConductionDesignAssesment,1,1,0,1,AuditConductionDesignAssesmentId
onl,AuditConductionMovement_STAGE,PK__AuditCon__7A1ED518DF76BB91,1,1,0,1,AuditConductionMovementId
onl,AuditConductionObservation_STAGE,PK_AuditConductionObservation,1,1,0,1,AudConObsId
onl,AuditConductionObservationDesignAssesment_STAGE,PK__AuditCon__A47D8F470C9071BA,1,1,0,1,AudConObsDesignAssesmentId
onl,AuditConductionObservationSubstantive_STAGE,PK__AuditCon__2C1A95B0A9B3A817,1,1,0,1,AudConObsSubstantiveId
onl,AuditConductionPlanningDocument_STAGE,PK_AuditConductionPlanningDocument,1,1,0,1,AuditConductionPlanningDocumentId
onl,AuditConductionPlanningProcess_STAGE,PK_AuditConductionPlanningProcess,1,1,0,1,AuditConductionPlanningProcessId
onl,AuditConductionPlanningSubProcess_STAGE,PK_AuditConductionPlanningSubProcess,1,1,0,1,AuditConductionPlanningSubProcessId
onl,AuditConductionSubstantive_STAGE,PK_AuditConductionSubstantive,1,1,0,1,AuditConductionSubstantiveId
onl,AuditConductionSubstantiveAssertion_STAGE,PK_AuditConductionSubstantiveAssertion,1,1,0,1,AuditConductionSubstantiveAssertionId
onl,Observation_STAGE,PK_Observation,1,1,0,1,ObservationId
pld,Assertion,PK_Assertion,1,1,0,1,AssertionId
pld,AudConSubstantiveTestProcedureMap,PK_AudConSubstantiveTestProcedureMap,1,1,0,1,AudConSubstantiveTestProcedureMapId
pld,AuditConductionControlMap,PK_AuditConductionControlMap,1,1,0,1,AuditConductionControlMapId
pld,AuditConductionDesignAssesmentMap,PK_AuditConductionDesignAssesmentMap,1,1,0,1,AuditConductionDesignAssesmentMapId
pld,ControlQuestion,PK__ControlQ__AA7A5C62950B261E,1,1,0,1,ControlQuestionId
pld,ControlQuestionDetail,PK__ControlQ__638A2062951B0BCA,1,1,0,1,ControlQuestionDetailId
pld,DesignAssesment,PK_DesignAssesment,1,1,0,1,DesignAssesmentId
pld,DesignAssesmentDetail,PK_DesignAssesmentDetail,1,1,0,1,DesignAssesmentDetailId
pld,FrequencyOfControl,PK_FrequencyOfControl,1,1,0,1,FrequencyOfControlId
pld,NatureOfControl,PK_NatureOfControl,1,1,0,1,NatureOfControlId
pld,PdControl,PK__PdContro__DFED3171E5AFA4B9,1,1,0,1,PdControlId
pld,PdControlQuestionMap,PK__PdContro__3214EC07B2714426,1,1,0,1,PdControlQuestionMapId
pld,PerformProcedure,PK_PerformProcedure,1,1,0,1,PerformProcedureId
pld,PlanningDiagram,PK_PlanningDiagram,1,1,0,1,PlanningDiagramId
pld,PlanningDiagramFile,PK_PlanningDiagramFile,1,1,0,1,PlanningDiagramFileId
pld,PlanningDocument,PK_PlanningDocument,1,1,0,1,PlanningDocumentId
pld,PlanningProcess,PK_PlanningProcess,1,1,0,1,PlanningProcessId
pld,PlanningSubProcess,PK_PlanningSubProcess,1,1,0,1,PlanningSubProcessId
pld,RiskLevel,PK_RiskLevel,1,1,0,1,RiskLevelId
pld,SubstantiveTestProcedure,PK_SubstantiveTestProcedure,1,1,0,1,SubstantiveTestProcedureId
sch,AuditSchedule,IX_AuditSchedule,0,0,0,1,Year
sch,AuditSchedule,IX_AuditSchedule,0,0,0,2,Month
sch,AuditSchedule,IX_AuditSchedule,0,0,0,3,ProgrammeGroupId
sch,AuditSchedule,IX_AuditSchedule,0,0,0,4,ProgrammeId
sch,AuditSchedule,IX_AuditSchedule,0,0,0,5,BranchId
sch,AuditSchedule,IX_AuditSchedule,0,0,0,6,ProjectId
sch,AuditSchedule,IX_AuditSchedule,0,0,0,7,ZoneId
sch,AuditSchedule,PK_AuditScheduleComponent,1,1,0,1,AuditScheduleId
sch,AuditScheduleAuditor,PK_AuditScheduleComponentAuditor,1,1,0,1,AuditScheduleAuditorId
sch,AuditScheduleComment,PK_AuditScheduleCommentComponent,1,1,0,1,AuditScheduleCommentId
sch,AuditScheduleCommunicator,PK_AuditScheduleCommunicator,1,1,0,1,AuditScheduleCommunicatorId
sch,AuditScheduleDetail,PK_AuditScheduleComponentDetail,1,1,0,1,AuditScheduleDetailId
sch,AuditScheduleLockUnLock,PK_AuditScheduleLockUnLock,1,1,0,1,AuditScheduleLockUnLockId
sch,AuditScheduleLockUnLockHistory,PK_AuditScheduleLockUnLockHistory,1,1,0,1,AuditScheduleLockUnLockHistoryId
sch,AuditScheduleManagementHierarchy,PK__AuditSch__3E74C9B10D824F36,1,1,0,1,AuditScheduleManagementHierarchyId
sch,ExternalAuditSchedule,PK_ExternalAuditSchedule,1,1,0,1,ExternalAuditScheduleId
sch,ExternalScheduleFileUpload,PK_ExternalScheduleFileUpload,1,1,0,1,ExternalScheduleFileUploadId
sch,ForwardingLetter,PK_ForwardingLetter,1,1,0,1,ForwardingLetterId
sch,ForwardingLetterAuditType,PK_ForwardingLetterAuditType,1,1,0,1,ForwardingLetterAuditTypeId
sch,ForwardingLetterComment,PK_ForwardingLetterComment,1,1,0,1,ForwardingLetterCommentId
sch,ForwardingLetterDetail,PK_ForwardingLetterDetail,1,1,0,1,ForwardingLetterDetailId
sch,ForwardingLetterGroupTemplate,PK_ForwardingLetterGroupTemplate,1,1,0,1,ForwardingLetterGroupTemplateId
sch,ForwardingLetterProgramme,PK_ForwardingLetterProgramme,1,1,0,1,ForwardingLetterProgrammeCategoryId
sch,ForwardingLetterProgrammeGroup,PK_ForwardingLetterProgrammeGroup,1,1,0,1,ForwardingLetterProgrammeGroupId
sch,ForwardingLetterReportType,PK_ForwardingLetterReportType,1,1,0,1,ForwardingLetterReportTypeId
sch,ForwardingLetterStatus,PK_ForwardingLetterStatus,1,1,0,1,ForwardingLetterStatusId
sec,AppComponent,PK_AppComponent,1,1,0,1,ComponentId
sec,AppComponentGroup,PK_AppComponentGroup,1,1,0,1,ComponentGroupId
sec,AppComponentSection,PK_AppComponentSection,1,1,0,1,ComponentSectionId
sec,AppComponentType,PK_AppComponentType,1,1,0,1,ComponentTypeId
sec,AppDataEntityAuditLog,PK__DetailEntityAuditLog,1,1,0,1,AuditLogId
sec,AppDataEntityFieldDefinition,PK_AppDataEntitFieldDefinition,1,1,0,1,FieldId
sec,AppReportColumn,PK__AppReportColumn,1,1,0,1,ReportColumnId
sec,AppRoleAndPermission,PK_AppRoleAndPermission,1,1,0,1,PermissionId
sec,AppRoleReportColumnPermission,PK_AppRoleReportColumnPermission,1,1,0,1,AppRoleReportColumnPermissionId
sec,AppSubComponent,PK__AppSubComponent,1,1,0,1,AppSubComponentId
sec,AppUser,PK__AppUser__FC65C7304DEEB3A6,1,1,0,1,AppUserId
sec,AppUser,UQ__AppUser__C9F28456EC3B1661,0,1,1,1,UserName
sec,AppUserAuthOtp,PK_AppUserAuthOtp,1,1,0,1,AuthOtpId
sec,AppUserLocation,PK_AppUserLocation,1,1,0,1,AppUserLocationId
sec,AppUserPermission,PK_AppUserPermission,1,1,0,1,UserPermissionId
sec,AppUserReportColumnPermission,PK_AppUserReportColumnPermission,1,1,0,1,AppUserReportColumnPermissionId
sec,AppUserReportProjectPermission,PK_AppUserReportProjectPermission,1,1,0,1,AppUserReportProjectPermissionId
sec,AspNetRoleClaims,PK_AspNetRoleClaims,1,1,0,1,Id
sec,AspNetRoles,PK_AspNetRoles,1,1,0,1,Id
sec,AspNetUserClaims,PK_AspNetUserClaims,1,1,0,1,Id
sec,AspNetUserLogins,PK_AspNetUserLogins,1,1,0,1,LoginProvider
sec,AspNetUserLogins,PK_AspNetUserLogins,1,1,0,2,ProviderKey
sec,AspNetUserRoles,PK_AspNetUserRoles,1,1,0,1,Id
sec,AspNetUsers,PK_AspNetUsers,1,1,0,1,Id
sec,DetailEntityFieldDefinition,PK_DetailEntitFieldDefinition,1,1,0,1,FieldId
sec,UserLoginAsHistory,PK_UserLoginAsHistory,1,1,0,1,UserLoginAsHistoryId
sec,UserLogInOutHistory,PK_UserLogInOutHistory,1,1,0,1,UserLogInOutHistoryId
sec,UserRefreshToken,PK_RefreshToken,1,1,0,1,RefreshTokenId
sec,UserRole,PK_UserRole,1,1,0,1,UserRoleId
std,ActiveInactiveStatus,PK_ActiveInactiveStatus,1,1,0,1,IsActive
std,AuditCategory,PK_AuditCategory,1,1,0,1,AuditCategoryId
std,AuditStep,PK_std.AuditStep,1,1,0,1,AuditStepId
std,AuditType,PK__AuditTyp__169EC3961F112D99,1,1,0,1,AuditTypeId
std,BracStaffStatus,PK_BracStaffStatus,1,1,0,1,StaffStatusId
std,BusinessUnit,PK_std.BusinessUnit,1,1,0,1,BusinessUnitId
std,ChangeRequestDesiredStatus,PK__ChangeRe__B5D5C08B1CC9C013,1,1,0,1,ChangeRequestDesiredStatusId
std,ChangeRequestType,PK__ChangeRe__700F4B6F3E9E9007,1,1,0,1,ChangeRequestTypeId
std,ComplianceExternal,PK_ComplianceExternal,1,1,0,1,ComplianceExternalId
std,ComplianceExternalDetail,PK_ComplianceExternalDetail,1,1,0,1,ComplianceExternalDetailId
std,Component,PK__Componen__D79CF04EBE45EED6,1,1,0,1,ComponentId
std,Contain,PK_Contain,1,1,0,1,ContainId
std,Container,PK_Container,1,1,0,1,ContainerId
std,ContainerContain,PK_ContainerContain,1,1,0,1,ContainerContainId
std,ContainerContainRow,PK_ContainerContainRow,1,1,0,1,ContainerContainRowId
std,ContainerContainRowColumn,PK_ContainerContainRowColumn,1,1,0,1,ContainerContainRowColumnId
std,ContainerStaging,PK_ContainerStaging,1,1,0,1,ContainerId
std,ContainType,PK_ContainType,1,1,0,1,ContainTypeId
std,DashboardCard,PK_DashboardCard,1,1,0,1,DashboardCardId
std,Department,PK_Department,1,1,0,1,DepartmentId
std,Depratment,PK_Depratment,1,1,0,1,DepratmentId
std,Designation,PK__Designation__3214EC275812160E,1,1,0,1,DesignationId
std,DocumentRequisition,PK_DocumentRequisition,1,1,0,1,DocumentRequisitionId
std,DocumentRequisitionDetail,PK_DocumentRequisitionDetail,1,1,0,1,DocumentRequisitionDetailId
std,DocumentRequisitionDetailDoc,PK_DocumentRequisitionDetailDoc,1,1,0,1,DocumentRequisitionDetailDocId
std,Donor,PK_Donor,1,1,0,1,DonorId
std,EmailAddressBook,PK_EmailAddressBook,1,1,0,1,EmailAddressBookId
std,EmailDirectoryUpdateHistory,PK_EmailDirectoryUpdateHistory,1,1,0,1,UpdateHistoryId
std,EmailGroup,PK_EmailGroup,1,1,0,1,EmailGroupId
std,EmailGroupDetail,PK_EmailGroupDetail,1,1,0,1,EmailGroupDetailId
std,Heading,PK_Heading,1,1,0,1,HeadingId
std,HeadingSource,PK_HeadingSource,1,1,0,1,HeadingSourceId
std,HeadingType,PK_HeadingType,1,1,0,1,HeadingTypeId
std,IcqQuarter,PK__IcqQuart__A6F7265FD6BF5696,1,1,0,1,IcqQuarterId
std,IcqQuestionBank,PK__IcqQuest__7DFBCD25ABC13029,1,1,0,1,IcqQuestionBankId
std,IcqQuestionBankDetail,PK__IcqQuest__CD15EE9CC6CF64AE,1,1,0,1,IcqQuestionBankDetailId
std,IcqQuestionBankFile,PK_IcqQuestionBankFile,1,1,0,1,IcqQuestionBankFileId
std,Language,PK_Language,1,1,0,1,LanguageId
std,MovementType,PK__MovementTypes__3214EC275812160E,1,1,0,1,MovementTypeId
std,NotificationEvent,PK_NotificationEvent,1,1,0,1,NotificationEventId
std,NotificationEventDetail,PK_NotificationEventDetail,1,1,0,1,NotificationEventDetailId
std,NotificationTemplate,PK_NotificationTemplate,1,1,0,1,NotificationTemplateId
std,Observation,IX_Observation_ObservationCategoryId,0,0,0,1,ObservationCategoryId
std,Observation,PK_Observation,1,1,0,1,ObservationId
std,ObservationCategory,PK_ObservationCategory,1,1,0,1,ObservationCategoryId
std,ObservationCharacteristic,PK_ObservationCharacteristic,1,1,0,1,ObservationCharacteristicId
std,ObservationCharacteristicDetail,PK_ObservationCharacteristicDetail,1,1,0,1,ObservationCharacteristicDetailId
std,ObservationCharacteristicNote,PK_ObservationCharacteristicNote,1,1,0,1,ObservationCharacteristicNoteId
std,ObservationDetail,PK_ObservationDetail,1,1,0,1,ObservationDetailId
std,ObservationKeyWord,PK__Observat__817A71E59A98C83A,1,1,0,1,ObservationKeyWordId
std,Principal,PK__Principa__EB24D4EF4077C31F,1,1,0,1,PrincipalId
std,QueryDataDictionary,PK_TempDataDictionary,1,1,0,1,Id
std,ReportContent,PK_ReportContent,1,1,0,1,ReportContentId
std,ReportContentHeading,PK_ReportContentHeading,1,1,0,1,ReportContentHeadingId
std,ReportTemplate,PK__ReportTe__C7EA2806927B4D10,1,1,0,1,ReportTemplateId
std,ReportType,PK__ReportTy__78CF8CE3257200F3,1,1,0,1,ReportTypeId
std,RiskCriteria,PK_RiskCriteria,1,1,0,1,RiskCriteriaId
std,RiskCriteriaCategory,PK__RiskCrit__570EB113C6168626,1,1,0,1,RiskCriteriaCategoryId
std,RiskType,PK__RiskType__213F0ECA57CC993D,1,1,0,1,RiskTypeId
std,SchedulerMatrix,PK__Schedule__E64F4C45A64CF098,1,1,0,1,SchedulerMatrixId
std,StructureCategory,PK__Structur__5BAC4973BD560A4A,1,1,0,1,StructureCategoryId
std,StructureElement,PK__Structur__319268AAA5E3CC46,1,1,0,1,StructureElementId
std,StructureType,PK__Structur__2D1BDA0B4058C349,1,1,0,1,StructureTypeId
std,SystemNotification,PK_SystemNotification,1,1,0,1,SystemNotificationId
std,Zone,PK__Zone__3214EC275812160E,1,1,0,1,ZoneId
toa,LineManager,PK__LineMana__B66EB3A1EFD98CFF,1,1,0,1,LineManagerId
toa,WorkflowLineManager,PK_WorkflowLineManager,1,1,0,1,LineManagerId
wkf,DesignationStep,PK_DesignationStep,1,1,0,1,DesignationStepId
wkf,WorkflowItem,PK_WorkflowItem,1,1,0,1,WorkflowItemId
wkf,WorkFlowLevel,PK_WorkFlowLevel,1,1,0,1,ResponderLevelName
wkf,WorkflowOperation,PK_WorkflowOperation,1,1,0,1,WorkflowOperationId
wkf,WorkflowProcess,PK_WorkflowProcess,1,1,0,1,WorkflowProcessId
wkf,WorkflowProcessDetail,PK_WorkflowProcessDetail,1,1,0,1,WorkflowProcessDetailId
wkf,WorkflowProcessHistory,PK_WorkflowProcessHistory,1,1,0,1,WorkflowProcessHistoryId
