SchemaName,ProcedureName,create_date,modify_date,is_auto_executed
----------,-------------,-----------,-----------,----------------
aap,spAnnualAuditorSportAllocation,2022-02-24 13:07:21.520,2022-02-24 17:14:35.243,0
aap,spAuditPlanPreRequisiteData,2022-07-21 11:21:22.713,2026-08-11 13:00:11.670,0
aap,spAuditPlanPreRequisiteData_2023_09_21_bak,2023-09-21 09:38:25.250,2023-09-21 09:38:25.250,0
aap,spAuditPlanPreRequisiteData_bak20220928,2022-09-28 16:05:04.817,2022-09-28 16:05:04.817,0
aap,spAuditPlanPreRequisiteData_Dev,2023-08-27 16:55:12.047,2026-07-27 18:34:30.657,0
aap,spCreateRevisedAnnualAuditPlan,2022-02-16 17:23:29.117,2026-08-11 13:00:13.703,0
aap,spCreateRevisedSetTarget,2023-07-27 15:37:58.453,2026-08-11 13:00:12.917,0
aap,SpDeleteAnnualAuditPlan,2022-02-23 14:32:23.570,2023-07-27 16:23:14.067,0
aap,spGetAnnualAuditorAllocation,2022-02-23 12:03:04.863,2026-08-11 12:08:12.460,0
aap,spGetAnnualAuditorAllocation_Dev,2022-03-21 10:36:07.213,2022-03-21 10:36:38.467,0
aap,spGetAnnualAuditPlanOtherAssuranceReport,2023-09-20 13:08:33.227,2023-09-20 13:19:32.987,0
aap,spGetAnnualAuditPlanOtherAssuranceSummaryReport,2023-09-20 13:24:33.753,2024-05-09 18:59:53.903,0
aap,spGetAnnualAuditPlanReport,2022-02-15 12:39:38.797,2023-10-04 19:18:57.733,0
aap,spGetAnnualAuditPlanReport_Dev,2022-03-08 15:27:56.790,2022-03-08 15:51:12.430,0
aap,spGetAnnualAuditPlanReport_Old,2023-06-21 11:17:13.030,2023-06-21 11:17:13.030,0
aap,spGetAnnualAuditPlanSummaryReport,2022-09-25 18:20:57.267,2024-05-09 18:59:52.543,0
aap,spGetAnnualAuditPlanSummaryReport_Dev,2022-09-27 11:27:38.123,2022-09-27 12:02:27.507,0
aap,spGetAnnualAuditPlanSummaryReport_Old,2023-06-21 11:20:22.890,2023-06-21 11:20:22.890,0
aap,spGetAnnualResourceAllocation,2022-03-21 10:50:16.710,2026-08-11 13:00:14.413,0
aap,spGetAnnualResourceAllocation_2023_09_21_bak,2023-09-21 10:28:16.293,2023-09-21 10:28:16.293,0
aap,spGetAnnualResourceAllocation_25072023,2023-07-25 15:38:28.480,2023-07-25 15:38:28.480,0
aap,spGetAnnualResourceAllocation_Dev,2022-05-09 15:40:41.790,2023-05-31 14:41:28.970,0
aap,spGetAnnualYearWiseProgrammeGroup,2022-01-10 15:57:27.770,2023-08-27 18:46:36.073,0
aap,spGetAnnualYearWiseProgrammeGroup_Bk,2022-01-18 10:12:38.917,2022-01-18 10:12:38.917,0
aap,spGetAnnualYearWiseProgrammeGroup_Dev,2022-04-27 14:40:18.840,2022-04-27 14:40:18.840,0
aap,spGetAnnualYearWiseProgrammeGroupForEdit,2022-02-24 12:24:22.140,2023-08-27 19:02:03.070,0
aap,spGetAnualResourceAllocation,2022-02-17 21:07:21.607,2022-03-02 15:29:29.333,0
aap,SpGetProjectByAnnualAuditPlan,2022-04-28 11:00:42.240,2023-12-17 16:27:04.060,0
aap,spGetResourceAllocationByZone,2022-02-22 15:17:40.810,2026-01-11 13:17:23.787,0
aap,spGetSetTargetCalculation,2022-02-02 15:50:18.097,2022-10-03 16:05:22.600,0
aap,spGetSetTargetCalculation_Dev,2022-09-27 15:09:18.703,2022-09-27 15:09:18.703,0
aap,spUpdateAnualResourceAllocation,2022-02-17 20:46:07.163,2022-05-12 10:06:28.430,0
aap,spUpdateAnualResourceAllocation_Dev,2022-05-12 09:24:13.367,2022-05-12 10:03:09.453,0
adc,GetDocReqCurrentWithPreviousData,2025-02-24 15:01:11.200,2025-02-24 15:01:11.200,0
adc,SpActionPlanFollowUpInsert,2024-11-24 18:30:28.313,2024-11-24 18:35:15.733,0
adc,SpAprLikelihoodMappingDelete,2024-05-11 18:44:13.263,2025-05-19 14:32:37.833,0
adc,SpAprLikelihoodMappingInsert,2024-05-11 18:23:07.640,2025-05-19 14:37:14.337,0
adc,SpAprLikelihoodMappingUpdate,2024-05-11 18:38:23.780,2025-05-19 14:36:03.857,0
adc,spAuditConductionPlanningSubProcess,2023-10-15 11:37:29.590,2024-11-24 17:54:40.460,0
adc,SpBranchStaffHierarchyByApi,2025-03-10 11:23:05.717,2025-03-10 11:23:05.717,0
adc,SpDeleteAuditConductionDiagram,2023-11-30 13:10:38.753,2024-11-24 18:30:32.120,0
adc,SpDeleteAuditConductionDocument,2023-12-04 20:22:09.543,2024-11-24 18:18:53.610,0
adc,spDeleteAuditConductionObservation,2023-01-08 17:52:38.050,2024-05-11 18:51:56.683,0
adc,spDeleteAuditConductionPlanningProcess,2022-11-08 16:33:27.353,2024-05-08 16:24:53.987,0
adc,spDeleteAuditConductionPlanningSubProcess,2023-11-27 15:07:29.343,2023-12-21 17:42:55.700,0
adc,SpDeleteReportWritingComplianceICQ,2023-11-07 14:17:39.893,2023-11-07 15:28:00.667,0
adc,SpDispatchMatrixDelete,2025-05-19 13:16:57.950,2025-05-19 18:39:52.563,0
adc,SpDispatchMatrixInsert,2025-05-19 13:17:10.463,2025-05-19 18:39:44.660,0
adc,SpDispatchMatrixUpdate,2025-05-19 13:17:04.967,2025-05-20 17:01:35.700,0
adc,SpGetAprReportWritingObservation,2022-11-28 14:27:47.027,2022-11-30 17:06:16.440,0
adc,spGetAuditConductionAuditSchedule,2022-07-21 11:37:39.630,2024-11-24 18:24:52.427,0
adc,spGetAuditConductionAuditSchedule_Dev,2022-08-05 05:19:45.820,2022-08-11 06:49:20.667,0
adc,SpGetAuditConductionAuditScheduleByYearMonth,2025-02-24 14:58:10.400,2026-05-13 12:29:38.517,0
adc,spGetAuditConductionBranchManager,2022-11-02 17:27:52.610,2024-05-11 16:54:03.963,0
adc,spGetAuditConductionObservationTitle,2025-11-03 12:47:05.157,2025-11-03 12:47:18.410,0
adc,SpGetComplianceInternal,2025-03-10 11:19:44.687,2025-06-17 18:52:32.233,0
adc,spGetDashBoardForAuditConduction,2022-07-21 18:55:41.563,2022-07-21 18:55:41.563,0
adc,spGetDashBoardForAuditConduction_Dev,2022-08-05 05:12:04.030,2022-08-05 05:12:04.030,0
adc,spGetMeetingParticipantList,2023-10-10 12:33:22.220,2023-10-16 19:57:32.593,0
adc,SpGetReportWritingInformation,2022-10-26 13:00:14.980,2022-10-26 15:32:20.273,0
adc,SpGetReportWritingObservation,2022-08-16 11:23:46.920,2023-11-06 15:45:26.737,0
adc,SpInsertMeetingMemberForApi,2025-02-24 15:46:04.780,2025-03-10 11:23:06.273,0
adc,SpInsertMeetingMemberForApiDev,2025-03-02 02:26:12.760,2025-03-02 03:12:51.080,0
adc,spInsertOrUpdateAudConDesAssContSubMap,2023-10-02 18:49:19.963,2023-10-02 18:49:19.963,0
adc,SpInsertReportWritingActionPlan,2023-11-26 17:03:52.400,2025-04-13 15:36:21.410,0
adc,SpInsertReportWritingActionPlanDev,2025-04-13 14:47:21.663,2025-04-13 15:15:36.920,0
adc,SpInsertReportWritingComplianceExternal,2023-11-04 19:19:11.280,2025-02-24 14:47:19.873,0
adc,SpInsertReportWritingComplianceExternal_Dev,2023-11-06 15:03:27.620,2023-11-06 16:23:15.403,0
adc,SpInsertUpdateAudConMeetingDecMember,2023-10-15 13:24:23.633,2023-10-15 15:18:13.877,0
adc,SpInsertUpdateBranchProjectAuditInfoFromConduction,2025-05-18 17:37:31.440,2025-10-12 18:04:02.853,0
adc,SpInsertUpdateReportWritingComplianceICQ,2023-11-02 13:09:48.173,2026-05-20 17:20:37.070,0
adc,spIsPdActiveAuditConductionPlanningProcess,2023-12-02 11:16:08.203,2023-12-02 11:27:49.137,0
adc,spIsPdActiveAuditConductionPlanningSubProcess,2023-11-27 15:59:32.573,2023-12-02 11:28:33.557,0
adc,SpPlanningProcessAuditor,2022-08-21 09:31:43.930,2023-11-30 13:41:24.330,0
adc,SpPlanningProcessAuditor_Dev,2023-11-30 12:44:25.310,2023-12-03 16:13:12.080,0
adc,SpReportWritingPermSettingDelete,2026-07-29 17:22:07.243,2026-08-16 16:18:14.990,0
adc,SpReportWritingPermSettingInsert,2026-07-29 17:22:17.890,2026-08-11 14:09:23.240,0
adc,SpReportWritingPermSettingUpdate,2026-07-29 17:22:28.603,2026-08-11 14:17:22.630,0
adc,SpUpdateAuditConductionMeetingDetail,2023-12-06 16:55:50.080,2025-02-26 10:05:36.740,0
adc,SpUpdateConductionPlanningProcess,2022-11-10 16:00:00.380,2024-05-08 16:24:37.223,0
adc,SpUpdateReportWritingComplianceIcq,2022-08-16 11:46:41.293,2025-07-17 13:23:37.983,0
adc,SpUpdateReportWritingComplianceInternal,2022-08-16 11:51:02.950,2022-12-15 16:17:27.137,0
dbo,sp_alterdiagram,2021-12-15 17:26:22.680,2021-12-15 17:26:22.680,0
dbo,sp_creatediagram,2021-12-15 17:26:22.673,2021-12-15 17:26:22.673,0
dbo,sp_dropdiagram,2021-12-15 17:26:22.693,2021-12-15 17:26:22.693,0
dbo,SP_FIND_HAS_ISDELETE_COLUMN,2022-04-13 14:25:10.263,2022-04-13 14:25:10.263,0
dbo,SP_FIND_TABLE_VIEW_FOR_COLUMN,2022-04-13 14:09:32.480,2022-04-17 14:22:56.337,0
dbo,sp_helpdiagramdefinition,2021-12-15 17:26:22.657,2021-12-15 17:26:22.657,0
dbo,sp_helpdiagrams,2021-12-15 17:26:22.653,2021-12-15 17:26:22.653,0
dbo,sp_renamediagram,2021-12-15 17:26:22.677,2021-12-15 17:26:22.677,0
dbo,sp_upgraddiagrams,2021-12-15 17:26:22.610,2021-12-15 17:26:22.610,0
dbo,spAuditPlanPreRequisiteData_bak07122021,2021-12-07 17:39:11.377,2021-12-07 17:39:11.377,0
dbo,spAuditPlanPreRequisiteData_Dev,2021-12-07 16:41:29.460,2022-04-21 16:01:33.423,0
dbo,spAuditResourceAllocationDataUpdate,2021-11-08 16:19:30.860,2021-11-08 16:19:30.860,0
dbo,spAuditStaffSupperVisorUpdate,2021-09-02 16:55:06.920,2021-10-21 15:40:42.640,0
dbo,SpAuditStaffUpdate,2021-08-24 16:29:38.420,2024-05-22 07:30:19.203,0
dbo,SpAuditTimeAllocationNonRisBasekDataSeed,2021-10-31 14:48:34.703,2021-10-31 14:50:08.503,0
dbo,SpBracStaffDropDown,2022-12-13 11:59:15.610,2022-12-13 11:59:18.310,0
dbo,SpBracStaffUpdate,2022-08-29 13:24:25.627,2025-11-24 10:35:19.787,0
dbo,SpCheckData,2022-01-29 22:33:26.700,2022-01-30 10:34:09.510,0
dbo,SpCreateAuditCapacityPlan,2021-10-28 13:09:53.690,2021-10-28 19:54:25.437,0
dbo,spDataMissMatchCorrectionAuditConductionObservationControl,2025-01-16 18:05:32.470,2025-01-16 18:47:41.610,0
dbo,spDataMissMatchCorrectionAuditConductionObservationDesignAssesment,2025-01-16 18:23:25.043,2025-01-16 18:47:36.937,0
dbo,spDataMissMatchCorrectionAuditConductionObservationSubstantive,2025-01-16 18:04:33.590,2025-01-16 18:47:30.437,0
dbo,SpDataVarificationAndDelete,2022-01-31 10:25:45.670,2023-12-31 08:29:26.123,0
dbo,SpDataVarificationAndDelete_Dev,2022-01-31 19:02:00.180,2022-10-17 15:41:42.890,0
dbo,spDeleteAllDataFromAllTableOfOnl,2022-10-24 12:36:33.490,2022-10-24 12:39:08.927,0
dbo,SpGetAuditTimeAllocation,2021-10-24 19:47:45.073,2021-10-25 14:55:53.457,0
dbo,spGetBracStaffDropDown,2023-03-23 11:54:40.697,2025-02-24 15:00:47.887,0
dbo,spGetBracStaffSearch,2021-10-03 10:42:57.480,2021-10-12 17:41:31.253,0
dbo,spGetBranchByProjet,2021-09-27 20:21:57.210,2021-09-27 21:03:42.920,0
dbo,SpGetLocationMapping,2021-09-08 15:24:12.540,2021-09-21 14:24:09.453,0
dbo,spGetNonRiskBasedAunualAuditTarget,2021-10-28 16:51:02.270,2021-10-29 10:46:06.590,0
dbo,SpGetProgramMapping,2021-09-08 15:51:07.270,2021-10-21 15:10:46.820,0
dbo,SpGetProjectBranchRiskDetails,2021-09-29 10:39:30.923,2021-09-29 10:43:44.040,0
dbo,SpGetRiskBasedAunualAuditTarget,2021-10-27 18:46:15.883,2021-11-01 02:03:51.327,0
dbo,spGetRiskRatingVarienceAnalysisData,2021-09-28 19:56:56.283,2021-09-29 12:02:15.023,0
dbo,spGetStructureElements,2021-09-30 13:53:12.533,2021-10-11 21:23:09.960,0
dbo,SpGetUserNameById,2021-11-25 18:04:56.063,2021-11-25 18:04:56.063,0
dbo,spGetZoneByInactiveAssignManager,2021-10-04 18:14:17.037,2026-01-11 12:46:04.810,0
dbo,SpMobileDashboardInfo,2022-07-21 12:44:39.453,2024-05-08 13:44:01.780,0
dbo,spProjectBranchRiskInsert,2021-09-26 17:58:37.603,2021-10-26 12:01:26.197,0
dbo,spProjectBranchRiskInsertApiData,2021-09-27 14:44:45.103,2021-09-30 11:25:42.887,0
dbo,SpSampleProcedure,2021-10-28 12:58:57.093,2021-10-28 12:58:57.093,0
dbo,spSyncEmailAddress,2021-10-09 13:59:40.270,2025-11-24 10:35:16.677,0
dbo,spSyncLocationMapping,2022-01-26 14:48:59.110,2022-01-26 15:25:51.653,0
dbo,spSyncLocationMapping_Backup,2021-09-30 19:38:20.607,2022-01-26 14:44:16.910,0
dbo,SpSyncMappingData_Backup,2021-09-25 21:48:26.733,2022-01-26 14:44:41.187,0
dbo,spUpdateAuditTimeAllocation,2021-10-24 19:06:34.140,2021-10-28 19:57:07.697,0
dbo,SPUtilityCommonDropdownView,2025-02-24 14:47:30.747,2026-07-15 16:45:30.200,0
dbo,spWorkflowAuditStaffSupperVisorUpdate,2022-07-21 15:16:01.807,2026-03-09 10:20:53.890,0
dbo,spWorkflowAuditStaffSupperVisorUpdate_bak_2023_04_26,2023-04-26 12:39:58.473,2023-04-26 12:39:58.473,0
dbo,usp_Dashboard,2026-08-03 16:13:55.257,2026-08-03 16:13:55.257,0
dbo,usp_Dashboard_BeginSnapshot,2026-08-03 15:02:00.240,2026-08-03 15:03:32.553,0
dbo,usp_Dashboard_FailSnapshot,2026-08-03 15:02:00.627,2026-08-03 15:03:33.043,0
dbo,usp_Dashboard_PublishSnapshot,2026-08-03 15:03:32.783,2026-08-03 15:03:32.783,0
dbo,usp_Dashboard_ValidateSnapshot,2026-08-03 15:02:00.820,2026-08-03 15:03:33.210,0
di,InsertUpdateLoanCollection,2022-03-27 18:10:00.890,2022-03-28 17:27:26.540,0
di,InsertUpdateLoanDisbursement,2022-03-27 18:11:47.870,2022-03-29 11:37:10.783,0
di,InsertUpdateLoanDisbursementOverdue,2022-03-27 18:10:59.433,2022-03-29 12:48:00.750,0
di,InsertUpdateSlaveWiseDisbursment,2022-03-27 18:12:45.953,2022-03-29 16:24:01.080,0
di,InsertUpdateVoInformation,2022-03-27 16:08:10.503,2022-03-28 14:51:27.080,0
di,spDataIntrigrationUploadedFileInsert,2022-03-27 14:48:28.367,2022-03-27 18:28:33.363,0
di,spGetCollectionStatus,2022-04-03 14:42:43.460,2022-04-04 11:58:43.110,0
di,spGetDisbursementStatus,2022-04-05 12:03:27.977,2022-04-05 12:33:54.183,0
di,spGetLoanDisbursementOverdueRatio,2022-04-06 12:13:57.550,2022-04-06 12:21:59.127,0
di,spGetLoaneeInformationAtAGlance,2022-04-12 13:19:29.050,2022-04-12 16:01:05.207,0
di,spGetMemberWiseDuplicateMobileNoList,2022-04-12 14:36:14.617,2022-04-12 16:00:59.323,0
di,spGetNumberOdLoaneeAmountPerLoanDisbursementSlab,2022-04-11 10:37:26.070,2022-04-11 10:45:47.370,0
di,spGetPeriodPerformanceGrowth,2022-04-11 13:52:02.720,2022-04-12 10:28:20.970,0
di,spGetRatioNewLoanRepeatLoan,2022-04-10 12:07:04.810,2022-04-10 12:13:37.010,0
di,spGetRefinancingDisbursedAmount,2022-04-10 11:16:30.567,2022-04-10 11:25:10.603,0
di,spGetSavingsAdjustmentRatioOverRealization,2022-04-10 13:54:23.143,2022-04-10 14:00:15.493,0
di,spGetSlabWiseLoanDisbuserment,2022-04-05 15:20:13.047,2022-04-06 10:44:51.267,0
di,spGetVoInformation,2022-03-30 15:34:45.390,2022-03-31 13:37:35.543,0
dti,SpGetBranchRisk,2022-03-24 15:41:49.407,2022-08-31 16:44:14.543,0
dti,SpGetBranchRisk_Dev,2022-04-17 15:58:12.227,2022-04-17 16:23:00.167,0
dti,SpGetRiskDetails,2022-03-29 15:46:09.297,2022-03-29 15:50:19.137,0
dti,SpGetRiskDetailsAnalysis,2022-03-29 15:59:40.153,2022-09-22 17:30:15.607,0
dti,SpGetRiskDetailsAnalysisWithCompare,2023-05-10 16:50:01.400,2023-05-15 16:49:10.710,0
dti,SpRiskIntegrationBranchProjectRiskExcelUploadUpdate,2023-05-03 12:36:21.430,2026-07-21 13:36:22.680,0
dti,SpRiskIntegrationBranchProjectRiskExcelUploadUpdate_Dev,2024-02-15 06:36:52.050,2024-02-15 06:47:48.040,0
dti,SpSyncBranchRiskFrombRiskApi,2022-03-31 11:30:45.273,2026-07-21 13:27:09.100,0
dti,SpSyncBranchRiskFrombRiskApi_bak_2023_06_01,2023-06-01 13:44:46.180,2023-06-01 13:44:46.180,0
dti,SpSyncBranchRiskFrombRiskApi_Dev,2022-04-03 13:49:57.763,2025-09-09 16:44:59.203,0
dti,SpUpdateBranchProjectRiskExcelUpload,2022-04-04 10:51:13.663,2022-09-21 14:28:37.470,0
map,SpGetAndUpdateAuditInformation,2022-08-03 03:53:41.670,2022-12-06 17:03:56.937,0
map,SpGetBranch,2023-09-03 22:42:40.223,2023-09-04 17:07:28.420,0
map,spGetBranchProjectMapping,2022-01-31 13:09:38.323,2025-05-29 13:32:52.937,0
map,spGetBranchProjectMapping_bac_11_Apr_2022.bak,2022-04-11 12:32:33.850,2022-04-11 12:32:33.850,0
map,spGetBranchProjectMapping_Backup_31_01_2022,2022-01-12 12:46:50.897,2022-01-31 13:07:23.303,0
map,spGetBranchProjectMapping_Dev,2022-04-11 10:55:17.313,2022-04-11 12:25:25.923,0
map,SpGetProgrammeMapping,2022-01-08 23:55:57.047,2022-03-03 11:12:31.867,0
map,SpGetProgrammeMapping_Old,2022-01-08 12:58:26.823,2022-01-09 01:21:31.313,0
map,SpGetProjectMapping,2022-03-30 14:25:19.577,2025-02-24 15:00:44.387,0
map,SpInsertBranchProjectMapping,2022-01-09 00:57:32.050,2026-01-06 11:04:41.923,0
map,spInsertBranchProjectMapping_2,2022-01-24 17:32:45.050,2022-01-27 13:09:03.937,0
map,SpInsertBranchProjectMapping_bak_03_06_2025,2025-06-03 12:03:29.900,2025-06-03 12:03:29.900,0
map,spInsertBranchProjectMapping_bak_14Sep2022,2022-09-14 12:25:29.537,2022-09-14 12:25:29.537,0
map,spInsertBranchProjectMapping_bak_2022_09_14,2022-09-13 11:07:54.430,2022-09-13 11:07:54.430,0
map,SpInsertBranchProjectMapping_bak_20230530,2023-05-30 15:00:49.457,2023-05-30 15:00:49.457,0
map,spInsertBranchProjectMapping_bak_27_01_2022,2022-01-27 10:11:44.920,2022-01-27 10:11:44.920,0
map,spInsertBranchProjectMapping_Copy,2022-01-10 18:12:25.463,2022-02-08 16:55:33.510,0
map,spInsertBranchProjectMapping_Dev,2022-04-11 14:03:15.093,2025-06-03 12:06:45.843,0
map,spInsertBranchProjectMapping_New,2022-09-13 11:08:28.087,2022-09-14 11:35:19.520,0
map,SpInsertProjectMapping,2022-03-30 16:04:44.390,2022-04-25 14:50:39.067,0
map,SpInsertProjectMapping_Dev,2022-03-31 16:30:48.627,2022-04-13 16:10:35.770,0
map,spInsertUpdateBranchProjectMapping,2022-01-15 01:59:58.530,2022-01-16 12:55:38.820,0
map,SpSearchProjectMapping,2022-03-30 17:44:04.703,2025-02-25 14:05:52.950,0
map,SpSyncBranchRiskFrombRiskApi,2022-03-23 18:04:32.043,2022-03-23 18:04:32.043,0
map,SpSyncBranchRiskFrombRiskApi_Dev,2022-02-01 10:51:11.017,2022-02-01 18:44:19.083,0
map,SpSyncBranchRiskFrombRiskApi_Test,2022-02-01 16:19:57.193,2022-02-01 16:19:57.193,0
map,SpSyncBranchRiskFrombRiskApi_TestT,2022-02-01 16:22:07.210,2022-03-23 18:13:06.490,0
map,SpSyncLocationMapping,2022-04-12 11:25:38.090,2025-11-24 17:02:57.793,0
map,SpSyncMFMapping,2022-04-13 11:04:34.170,2024-02-08 17:12:21.803,0
map,SpSyncProgrammeMapping,2022-04-12 11:27:27.277,2025-09-04 14:39:07.560,0
map,SpUpdateDefaultCountry,2022-09-14 19:09:17.673,2022-09-14 19:14:52.127,0
mis,spGetCategorywisedeviationReport,2022-12-21 16:26:52.570,2022-12-21 16:26:52.570,0
mis,spGetGradeBaseObservation,2022-12-21 16:31:57.473,2022-12-22 16:00:23.517,0
mis,spGetObservationSummaryReport,2022-12-20 18:10:54.653,2022-12-21 16:04:08.183,0
mis,spGetOtherAssuranceServicesReport,2022-12-21 18:01:45.420,2022-12-21 18:01:45.420,0
mis,spGetRiskParameterwiseAuditReport,2022-12-21 18:13:21.303,2023-01-04 17:48:32.853,0
mis,spGetSummaryReportofIndividualPerformance,2023-01-02 17:03:02.403,2023-01-02 17:03:02.403,0
mis,spGetTargetandAchievementReport,2022-12-21 18:17:03.897,2022-12-21 18:17:03.897,0
mis,SpInsertMISDynamicReportData,2025-07-24 17:23:40.480,2026-07-22 17:09:34.083,0
ofl,GetTableConfigurationData,2022-09-29 16:57:19.713,2022-10-15 15:38:06.930,0
ofl,GetTableConfigurationDataOnline,2022-10-16 18:02:51.637,2022-10-16 18:02:51.637,0
ofl,InsertOflineLog,2022-10-13 12:36:52.630,2022-10-13 19:53:55.147,0
ofl,OfflinegetData,2022-09-28 19:07:46.433,2022-10-03 13:09:47.367,0
ofl,sp_OfflinegetData,2022-10-02 15:44:34.710,2022-10-03 12:13:03.287,0
ofl,spAuditManagementDataCheck,2022-10-03 12:26:09.233,2022-10-03 12:26:54.843,0
ofl,spDeleteAllDataFromAllTableOfOFL,2022-10-11 13:39:44.027,2022-10-12 18:54:37.053,0
ofl,spDeleteAllDataFromAllTableOfOnl,2022-10-24 12:24:07.193,2022-10-24 12:24:07.193,0
ofl,spInsertFromStageToMainDB,2022-10-03 15:04:04.617,2022-10-20 16:07:37.520,0
pld,SpDeletePlanningDocument,2023-12-02 13:30:06.117,2023-12-03 12:46:46.167,0
pld,SpDeletePlanningProcess,2023-12-02 20:21:54.323,2023-12-03 12:36:12.733,0
pld,SpDeletePlanningSubProcess,2023-12-02 20:25:19.327,2023-12-03 11:37:26.387,0
pld,SpInsertUpdateControlQuestionDetails,2023-07-31 16:28:27.743,2023-07-31 16:32:04.477,0
pld,SpInsertUpdateDesignAssesmentDetails,2022-05-23 11:56:45.067,2022-05-23 11:59:31.590,0
pld,SpInsertUpdatePdControlQuestionMap,2023-08-13 17:00:32.323,2023-08-13 17:12:16.090,0
pld,spPlanningDocumentDetailControlTestReport,2023-09-27 13:29:54.840,2024-05-11 16:59:34.023,0
pld,spPlanningDocumentDetailDesignAssesmentReport,2023-09-27 13:29:03.717,2024-05-11 16:55:11.960,0
pld,spPlanningDocumentDetailReport,2023-09-20 10:27:19.740,2023-09-20 12:45:59.810,0
pld,spPlanningDocumentDetailSubstantiveTestReport,2023-10-10 18:37:27.900,2024-05-11 16:55:12.270,0
pld,SpPlanningDocumentReplication,2024-05-31 18:49:41.007,2024-05-31 18:49:41.007,0
sch,CreateAuditScheduleManagementHierarchy,2025-07-15 12:43:54.453,2025-07-15 14:37:13.710,0
sch,GetAuditScheduleCommunicatorDetail,2022-04-21 14:30:46.050,2023-10-08 17:12:59.897,0
sch,GetForwardingLetterAuditScheduleCount,2022-07-21 11:04:26.890,2024-05-11 17:04:13.803,0
sch,GetZoneWiseAuditScheduleCommunicatorDetail,2022-04-24 14:34:44.247,2026-01-11 12:50:30.797,0
sch,InsertAuditScheduleCommunicatorAssign,2022-04-25 14:31:21.273,2022-04-26 11:59:01.360,0
sch,SpFinalApproveMonthlyAuditSchedule,2025-06-18 16:13:10.840,2025-06-18 17:55:50.253,0
sch,spGetAuditorByManager,2022-03-06 19:24:41.733,2023-09-25 18:05:17.773,0
sch,spGetAuditorByManager_bak_20_12_2022,2022-12-20 12:32:08.610,2022-12-20 12:32:08.610,0
sch,spGetAuditorByManager_bak_28_08_2022,2022-08-28 09:44:22.850,2022-08-28 09:44:22.850,0
sch,spGetAuditorByManager_bak17052022,2022-05-17 17:17:26.023,2022-05-17 17:17:26.023,0
sch,spGetAuditorByManager_Dev,2022-03-27 12:11:38.843,2022-12-28 09:19:15.080,0
sch,spGetAuditorByManager_Dev2,2023-08-01 18:14:24.967,2023-08-02 11:18:06.750,0
sch,spGetAuditorByManager_DevNew,2022-08-27 16:05:25.437,2022-08-27 16:05:25.437,0
sch,spGetAuditorByManagerAndDateRange,2022-12-22 17:47:54.523,2023-09-26 10:22:47.200,0
sch,spGetAuditorByManagerAndDateRange_Dev,2023-09-25 09:52:09.280,2023-09-25 11:47:41.080,0
sch,SPGetAuditorListByAuditScheduleId,2022-07-21 14:41:24.257,2026-05-13 10:56:27.297,0
sch,spGetAuditSchedule,2022-03-02 12:07:45.910,2023-07-26 18:17:38.463,0
sch,spGetAuditSchedule_03_Jul_2022.bak,2022-08-03 03:18:23.563,2022-08-03 03:18:23.563,0
sch,spGetAuditSchedule_Dev,2022-03-09 10:59:00.860,2023-07-18 18:23:45.463,0
sch,spGetAuditScheduleAuditor,2022-03-02 15:49:17.290,2022-03-21 12:51:58.800,0
sch,spGetAuditScheduleAuditor_Dev,2022-03-13 15:09:05.713,2022-03-21 12:46:20.067,0
sch,spGetAuditScheduleComponent,2023-07-12 16:13:03.550,2026-01-20 16:17:39.193,0
sch,spGetAuditScheduleComponent_Backup_20230726_174100,2023-07-26 17:41:46.593,2023-07-26 17:41:46.593,0
sch,spGetAuditScheduleComponent_Dev,2023-08-27 13:40:46.400,2023-08-27 13:40:46.400,0
sch,spGetAuditScheduleComponent_Pranti,2023-07-25 19:41:45.303,2023-07-26 17:33:01.703,0
sch,spGetAuditScheduleComponentExist,2023-07-12 16:13:54.643,2024-05-11 17:06:28.970,0
sch,spGetAuditScheduleComponentExist_Dev,2023-09-01 23:11:33.507,2023-09-02 00:25:05.907,0
sch,spGetAuditScheduleDashBoard,2022-03-02 17:56:13.013,2024-09-26 17:05:08.737,0
sch,spGetAuditScheduleDashBoard_Dev,2024-09-26 16:44:36.007,2024-09-26 16:56:37.943,0
sch,SPGetAuditScheduleList,2022-03-07 14:42:18.480,2022-03-07 14:44:48.750,0
sch,spGetAuditScheduleStatus,2022-03-15 16:03:11.763,2026-01-26 18:54:53.273,0
sch,spGetAuditScheduleStatus_Backup_20230724_180500,2023-07-24 18:06:26.143,2023-07-24 18:06:26.143,0
sch,spGetAuditScheduleStatus_Dev,2022-07-26 12:02:07.370,2025-12-09 12:14:35.650,0
sch,spGetAuditScheduleStatus_Pranti,2023-07-23 19:28:39.553,2023-07-24 17:18:21.037,0
sch,spGetDashBoardAllAuditTarget,2022-02-28 13:47:09.863,2026-01-26 18:55:01.190,0
sch,SpGetDashBoardAuditScheduleAuditorsForApprover,2022-03-14 16:29:59.847,2026-08-17 09:54:53.480,0
sch,SpGetDashBoardAuditScheduleAuditorsForCreator,2022-03-13 15:26:27.673,2026-08-16 17:06:33.230,0
sch,SpGetDashBoardAuditScheduleDeatialForApprover_Backup_20230730_122500,2023-07-30 12:26:48.403,2023-07-30 12:27:15.250,0
sch,SpGetDashBoardAuditScheduleDeatialForCreator_Backup_20230725_145400,2023-07-25 14:55:18.213,2023-07-25 14:55:18.213,0
sch,SpGetDashBoardAuditScheduleDetailForApprover,2023-08-09 11:41:48.340,2026-01-26 18:54:27.777,0
sch,SpGetDashBoardAuditScheduleDetailForCreator,2023-08-09 11:58:13.643,2026-01-26 18:53:59.257,0
sch,SpGetDashBoardAuditScheduleSummaryForApprover,2022-03-14 16:17:39.827,2026-01-26 18:54:19.400,0
sch,SpGetDashBoardAuditScheduleSummaryForCreator,2022-03-13 12:14:26.320,2026-01-26 18:54:43.847,0
sch,SpGetDashBoardAuditScheduleSummaryForCreator_Dev,2022-10-12 15:29:14.823,2022-10-12 15:59:58.053,0
sch,SpGetForwardingLetterMonthlyAuditSchedule,2023-08-16 11:35:26.810,2024-11-25 16:02:21.497,0
sch,SpGetForwardingLetterMonthlyAuditSchedule_Bak_20240701,2024-07-01 13:42:43.007,2024-07-01 13:42:43.007,0
sch,SpGetForwardingLetterMonthlyAuditSchedule_Dev,2023-09-03 17:26:25.397,2023-12-28 09:48:48.313,0
sch,spGetLastAuditPeriod,2023-07-11 11:33:00.400,2023-08-31 16:51:38.413,0
sch,SpGetMonthlyAuditSchedule,2022-06-29 18:18:37.583,2024-07-01 13:40:11.963,0
sch,SpGetMonthlyAuditSchedule_Backup_20230801_174300,2023-08-01 17:44:10.110,2023-08-01 17:44:10.110,0
sch,SpGetMonthlyAuditSchedule_Bak_20240701.bak,2024-07-01 13:39:38.200,2024-07-01 13:39:38.200,0
sch,SpGetMonthlyAuditScheduleByProgrammeGroup,2022-05-29 10:16:49.420,2022-06-29 17:04:17.463,0
sch,SpGetRiskDetails,2022-03-21 16:20:08.233,2023-10-22 15:12:21.850,0
sch,spGetSearchAvailabelAuditorByPIN,2022-12-20 17:23:21.103,2025-02-24 15:00:13.493,0
sch,SpGetUnScheduleLocation,2022-03-16 16:13:02.280,2026-01-26 18:45:26.507,0
sch,SpGetUnScheduleLocation_Dev,2022-03-21 15:41:41.620,2022-03-27 17:00:53.980,0
sch,spInsertAuditDate,2022-03-10 18:52:33.940,2023-08-16 13:38:42.777,0
sch,spInsertAuditDate_Dev,2023-08-10 16:42:52.677,2023-08-10 16:42:52.677,0
sch,spInsertAuditSchedule,2022-03-03 13:05:35.810,2025-07-14 12:57:17.150,0
sch,spInsertAuditSchedule_Dev,2023-07-13 12:23:07.183,2023-07-13 12:23:07.183,0
sch,SpInsertAuditScheduleAuditor,2022-03-13 12:50:50.060,2022-04-26 14:31:48.823,0
sch,spInsertAuditScheduleDev,2024-07-04 12:27:18.557,2024-07-04 13:07:38.293,0
sch,SpInsertUpdateExternalSchedule,2022-08-03 03:20:19.390,2022-08-16 08:47:37.940,0
sch,spSaveAuditSchedule,2022-03-16 15:54:33.733,2025-04-23 09:33:04.177,0
sch,SpSendAuditScheduleForQueckApproval,2022-03-16 16:25:49.603,2022-03-28 17:10:05.543,0
sch,spUpdateAuditDate,2023-08-16 13:38:48.430,2023-08-16 13:38:48.430,0
sch,UpdateAuditScheduleManagementHierarchy,2025-07-14 11:06:39.777,2025-07-14 13:10:45.420,0
sch,UpdateForwardingLetterRequestApprove,2023-08-30 12:45:15.533,2023-08-30 13:28:23.983,0
sec,SpAspNetUserAndRoleView,2022-03-03 13:53:57.537,2023-07-19 17:48:18.810,0
sec,spGetBracStaffAndConsultant,2025-10-12 17:57:45.917,2025-10-14 14:35:05.217,0
sec,SpGetDetailEntityAuditLog,2025-02-24 14:58:16.650,2025-02-24 14:58:16.650,0
sec,SpInsertUserLogInOutHistory,2022-11-02 10:52:46.417,2022-11-02 12:36:37.603,0
sec,SpReportColumnRoleAndPermissionView,2025-05-28 16:44:03.713,2025-06-17 13:15:52.613,0
sec,SpReportColumnUserPermissionView,2025-06-02 12:34:02.460,2025-06-17 13:16:01.967,0
sec,SpRoleAndPermissionView,2022-02-08 13:59:28.253,2023-04-30 10:54:34.917,0
sec,spSyncUser,2023-07-16 18:23:57.423,2023-07-18 16:21:29.433,0
sec,SpUserPermissionView,2023-07-06 15:08:06.617,2025-02-26 13:17:03.760,0
sec,SpUserRolePermissionAssign,2023-06-25 17:54:30.790,2025-06-17 13:16:11.560,0
std,SpComplianceExternalExport,2024-05-09 19:08:28.190,2024-05-09 19:29:18.130,0
std,SpDocumentRequisitionInsert,2025-02-24 14:56:58.520,2025-03-10 11:27:28.150,0
std,SpGetEmailGroupDetail,2022-09-03 15:14:44.593,2022-09-07 17:45:38.973,0
std,SpInsertUpdateEmailGroupDetail,2022-09-03 11:59:18.390,2022-09-03 15:12:52.377,0
std,SpInsertUpdateIcqQuestionBankData,2023-10-31 16:28:11.643,2026-05-12 16:20:58.803,0
toa,spGetHierarchyLineManagers,2023-04-26 17:53:11.253,2023-04-26 18:01:16.267,0
toa,spGetStaffSupervisorInfoByStaff,2023-03-30 11:31:41.117,2023-05-22 15:19:58.167,0
wkf,GetWorkflowSourceDestination,2022-07-21 14:35:32.030,2025-04-23 09:33:03.693,0
wkf,LineManagerHierarchy,2022-07-21 11:57:11.840,2023-12-07 10:21:30.113,0
wkf,SpMakeWorkFlowProcess,2022-07-21 11:55:27.953,2022-07-21 17:50:36.533,0
wkf,SpSyncWorkflowProcessDetail,2025-08-19 14:51:30.253,2025-08-20 16:11:47.830,0
wkf,spUpdateWorkflowProcessDetail,2023-10-04 13:48:20.307,2023-11-13 14:40:30.260,0
