SchemaName,TableName,create_date,modify_date
----------,---------,-----------,-----------
aap,AnnualAuditorAllocation,2026-08-11 11:54:21.467,2026-08-11 11:54:23.050
aap,AnnualAuditPlan,2026-07-23 11:47:39.830,2026-08-06 15:52:49.283
aap,AnnualAuditPlanCapacity,2022-01-17 14:14:55.527,2026-07-23 11:47:44.000
aap,AnnualAuditPlanGroup,2022-09-29 18:48:53.740,2023-07-10 16:07:43.293
aap,AnnualAuditPlanStage,2022-01-17 14:24:55.807,2022-01-30 19:38:25.683
aap,AnnualAuditPlanStatus,2022-01-17 14:18:19.530,2022-01-30 19:38:29.690
aap,AnnualAuditResourceAllocation,2026-08-06 16:52:00.847,2026-08-06 16:52:02.043
aap,AnnualAuditTargetNonRiskBase,2026-08-06 16:07:37.970,2026-08-06 16:07:39.030
aap,AnnualAuditTargetRiskBase,2026-08-06 16:03:17.873,2026-08-06 16:03:19.123
aap,AnnualAuditTimeAllocationNonRiskBase,2026-08-06 15:52:46.677,2026-08-06 15:52:49.283
aap,AnnualAuditTimeAllocationRiskBase,2026-08-06 15:44:16.523,2026-08-06 15:44:19.220
aap,AuditCapacityPlan,2021-12-13 15:33:56.523,2023-05-28 15:08:06.787
aap,AuditPlanManager,2023-05-21 16:51:05.053,2023-06-25 16:49:40.900
aap,AuditPlanParameter,2021-11-21 16:50:25.520,2022-01-30 19:38:37.180
aap,AuditPlanStatus,2021-10-18 14:10:53.037,2022-01-30 19:38:40.760
aap,AuditResourceAllocationNonRiskBase,2021-11-07 15:16:43.860,2023-11-19 12:25:02.147
aap,AuditResourceAllocationRiskBase,2021-11-07 15:12:54.477,2023-11-19 12:25:02.210
aap,CurrentResource,2021-08-22 12:09:42.470,2021-09-16 13:07:26.610
adc,ActionPlanFinalStatus,2025-11-09 16:30:32.467,2025-11-09 16:30:32.467
adc,ActionPlanFollowUp,2024-11-24 18:24:35.937,2024-11-24 18:24:36.970
adc,ActionPlanFollowUpChangeType,2024-11-24 18:24:28.167,2024-11-24 18:24:28.167
adc,ActionPlanFollowUpCommentType,2024-11-24 18:24:44.070,2024-11-24 18:24:44.070
adc,ActionPlanFollowUpDetail,2024-11-24 18:24:31.330,2024-11-24 18:24:31.330
adc,ActionPlanFollowUpDetailComment,2024-11-24 18:24:45.123,2024-11-24 18:24:45.123
adc,ActionPlanFollowUpDetailDoc,2024-11-24 18:24:30.093,2024-11-24 18:24:39.687
adc,ActionPlanFollowUpDetailLog,2024-11-24 18:32:34.227,2024-11-24 18:32:35.200
adc,ActionPlanFollowUpDetailOwner,2024-11-24 18:35:13.293,2025-07-21 16:19:48.610
adc,ActionPlanFollowUpDetailOwnerStatus,2024-11-24 18:24:27.167,2024-11-24 18:24:27.167
adc,ActionPlanFollowUpDetailStatus,2024-11-24 18:24:25.110,2024-11-24 18:24:25.110
adc,ActionPlanFollowUpStatus,2024-11-24 18:24:26.203,2024-11-24 18:24:26.203
adc,ActionPlanGeneratedFile,2026-06-21 17:13:01.670,2026-06-21 17:13:02.820
adc,AprAuditPerformanceRatingSetup,2024-05-09 17:03:26.530,2024-05-21 17:52:12.147
adc,AprLikelihood,2024-05-09 16:26:17.087,2024-05-11 17:41:13.150
adc,AprLikelihoodMapping,2024-05-09 17:24:16.503,2024-05-09 17:24:16.503
adc,AprLikelihoodMappingAuditType,2024-05-09 17:24:16.913,2024-05-09 17:24:16.913
adc,AprLikelihoodMappingLikelihood,2024-05-09 17:54:46.407,2024-05-09 17:54:46.407
adc,AprLikelihoodMappingProject,2024-05-09 17:24:17.803,2024-05-09 17:24:17.803
adc,AprLikelihoodMappingReportType,2024-05-09 17:24:18.150,2024-05-09 17:24:18.150
adc,AprLikelihoodMatrix,2024-05-09 16:26:18.720,2024-05-09 16:52:53.410
adc,APRMethod,2024-05-09 19:13:10.933,2024-05-09 19:13:10.933
adc,APRMethodMatrix,2024-05-11 18:07:33.457,2024-05-11 18:07:33.457
adc,AprScoreOtherConsideration,2024-05-09 16:26:18.107,2024-05-09 16:52:53.200
adc,AprSeverityControlFailure,2024-05-09 16:26:17.390,2024-05-09 16:26:17.390
adc,AprSummary,2024-05-11 18:12:46.890,2024-05-11 18:12:46.890
adc,AprSummaryOtherConsideration,2024-05-11 18:47:27.540,2024-05-11 18:47:27.540
adc,AudConObsAccusedPerson,2025-02-24 15:01:11.663,2025-02-24 15:01:12.907
adc,AudConObsDonor,2022-12-19 12:53:56.107,2022-12-19 12:53:56.403
adc,AuditChangeAssignee,2026-04-29 15:59:11.933,2026-04-29 15:59:11.933
adc,AuditChangeRequest,2026-04-28 14:32:55.917,2026-04-29 16:14:24.117
adc,AuditChangeRequestGroup,2026-03-15 13:56:46.870,2026-03-15 13:56:46.870
adc,AuditChangeRequestStatus,2026-03-15 13:56:49.073,2026-03-15 13:56:49.073
adc,AuditChangeRequestType,2026-03-15 13:56:47.950,2026-03-15 13:56:47.950
adc,AuditCondObservationDetail,2023-12-12 15:26:01.570,2026-07-06 11:59:14.713
adc,AuditCondObservationDetailColumn,2025-02-24 14:58:18.477,2025-02-24 14:58:19.363
adc,AuditCondObservationDetailComment,2025-02-24 14:58:17.510,2025-04-21 20:08:58.157
adc,AuditCondObservationTemplate,2023-12-12 15:14:00.390,2023-12-12 15:14:00.510
adc,AuditConduction,2023-11-15 12:44:07.280,2026-03-15 13:56:36.313
adc,AuditConductionComment,2024-05-11 18:59:15.077,2024-05-11 18:59:15.840
adc,AuditConductionComponentPermission,2025-04-28 16:42:25.287,2025-10-23 15:07:19.187
adc,AuditConductionControl,2023-10-17 19:17:54.223,2026-07-13 13:26:26.467
adc,AuditConductionControlAssertion,2022-07-21 11:23:27.313,2022-07-21 11:23:27.313
adc,AuditConductionControlDetail,2023-10-11 13:57:56.293,2023-10-22 15:59:13.600
adc,AuditConductionDesignAssesment,2023-10-17 19:10:42.043,2026-07-13 13:26:25.367
adc,AuditConductionDocument,2025-02-24 15:00:16.213,2025-02-24 15:00:17.213
adc,AuditConductionDocumentType,2022-07-21 20:14:42.400,2022-07-21 20:14:42.400
adc,AuditConductionMeeting,2022-07-21 13:20:16.497,2022-07-21 13:20:16.497
adc,AuditConductionMeetingDeciMember,2023-10-11 11:05:07.487,2023-10-11 11:05:07.487
adc,AuditConductionMeetingDecision,2023-11-22 12:55:52.537,2023-11-22 12:55:52.577
adc,AuditConductionMeetingDetail,2023-11-26 15:41:05.663,2023-11-26 17:42:06.240
adc,AuditConductionMeetingExpectation,2023-11-22 12:34:25.370,2023-11-22 12:34:25.413
adc,AuditConductionMeetingFocusArea,2023-11-22 12:40:19.010,2023-11-22 12:40:19.050
adc,AuditConductionMeetingMember,2025-03-10 11:18:41.800,2026-05-03 17:05:05.577
adc,AuditConductionMeetingStatus,2025-02-26 10:05:15.467,2025-02-26 10:05:16.697
adc,AuditConductionMeetingType,2022-07-21 13:08:18.957,2022-07-21 13:13:37.607
adc,AuditConductionMovement,2023-11-26 16:21:02.607,2026-04-02 18:05:07.130
adc,AuditConductionNotificationHistory,2026-04-01 11:23:55.610,2026-05-19 16:52:59.307
adc,AuditConductionObservation,2024-05-11 16:43:09.550,2025-11-17 14:04:11.863
adc,AuditConductionObservationComment,2024-05-11 18:59:13.890,2025-05-18 17:34:45.003
adc,AuditConductionObservationControl,2022-07-21 14:34:27.447,2025-05-18 17:34:51.697
adc,AuditConductionObservationDesignAssesment,2022-07-21 14:34:22.940,2022-07-21 14:34:22.940
adc,AuditConductionObservationRecommend,2022-07-21 14:30:37.810,2022-07-21 14:30:37.810
adc,AuditConductionObservationRow,2025-12-08 12:24:36.893,2025-12-08 12:24:36.893
adc,AuditConductionObservationRowColumn,2025-12-08 12:25:40.407,2025-12-08 12:25:40.407
adc,AuditConductionObservationSubstantive,2022-07-21 14:34:31.420,2022-07-21 14:34:31.420
adc,AuditConductionObservationType,2022-07-21 12:45:01.373,2022-07-21 12:45:01.373
adc,AuditConductionPlanningDiagram,2023-11-29 16:10:58.920,2023-11-29 16:10:58.920
adc,AuditConductionPlanningDocument,2022-07-21 11:19:51.473,2022-07-21 14:31:00.143
adc,AuditConductionPlanningDocumentStage,2022-07-21 11:35:57.417,2022-07-21 11:35:57.417
adc,AuditConductionPlanningDocumentStageGroup,2022-07-21 11:36:07.150,2022-07-21 11:36:07.150
adc,AuditConductionPlanningDocumentStatus,2022-07-21 11:19:38.580,2022-07-21 11:19:38.580
adc,AuditConductionPlanningProcess,2022-07-21 11:19:57.823,2026-05-05 17:41:06.413
adc,AuditConductionPlanningSubProcess,2022-07-21 11:20:04.480,2023-11-27 11:35:45.680
adc,AuditConductionStatus,2025-02-24 14:59:06.020,2025-02-24 14:59:06.020
adc,AuditConductionStep,2022-07-21 14:33:53.483,2022-07-21 14:33:53.483
adc,AuditConductionSubstantive,2024-05-09 19:35:37.030,2026-07-13 13:26:25.633
adc,AuditConductionSubstantiveAssertion,2022-07-21 11:43:03.400,2022-07-21 11:43:03.400
adc,AuditConductionSubstantiveDetail,2022-07-21 11:42:58.500,2023-10-22 15:59:21.310
adc,AuditLifeCycleMatrix,2024-05-08 16:20:36.450,2024-05-08 16:21:31.343
adc,AuditPerformanceRating,2024-05-11 18:12:46.563,2026-07-02 16:20:16.873
adc,DispatchMatrix,2025-05-18 17:14:59.000,2025-05-18 17:15:00.570
adc,DispatchMatrixAuditType,2025-05-18 17:37:03.417,2025-05-18 17:37:03.417
adc,DispatchMatrixDispatcher,2025-05-18 17:15:17.097,2025-05-19 18:20:50.700
adc,DispatchMatrixProject,2025-05-18 17:37:03.663,2025-05-18 17:37:03.663
adc,DispatchMatrixReportType,2025-05-18 17:37:03.897,2025-05-18 17:37:03.897
adc,DispatchMatrixRiskType,2025-05-18 17:37:04.137,2025-05-18 17:37:04.137
adc,DispatchMatrixUserLevel,2025-05-18 17:15:07.430,2025-05-18 17:15:07.430
adc,DocumentRequisitionStatus,2025-02-24 14:57:30.410,2025-02-24 14:57:30.410
adc,EntranceMeetingDecision,2022-07-21 12:01:38.840,2022-07-21 12:01:38.840
adc,MeetingLinkEmailHistory,2025-02-24 14:58:30.880,2025-02-24 14:58:30.880
adc,ObservationDropStatus,2025-05-18 17:16:20.987,2025-05-18 17:16:20.987
adc,PlanningDocumentComment,2022-07-21 11:47:07.217,2023-12-03 15:10:08.787
adc,PlanningDocumentReqSlotDetailFile,2025-02-24 14:56:06.493,2025-02-24 14:56:07.423
adc,PlanningDocumentRequisition,2025-02-24 14:56:03.050,2025-02-24 14:56:04.320
adc,PlanningDocumentRequisitionClient,2025-02-24 14:57:29.770,2025-02-24 14:57:29.770
adc,PlanningDocumentRequisitionSlotDetail,2025-02-24 14:57:31.923,2025-03-10 11:23:52.183
adc,ReportDispatch,2024-05-09 19:24:36.373,2026-05-19 20:09:09.870
adc,ReportDispatchDelegator,2025-05-19 11:23:06.410,2025-05-19 11:23:06.410
adc,ReportDispatchStatus,2024-05-09 19:16:37.027,2024-05-09 19:16:37.027
adc,ReportSignatureType,2024-05-09 19:05:00.533,2024-05-09 19:05:00.533
adc,ReportWritingActionPlan,2022-11-07 12:03:14.823,2026-06-21 17:13:02.303
adc,ReportWritingActionPlanActionObserver,2023-11-23 17:46:51.453,2023-11-23 17:46:51.453
adc,ReportWritingActionPlanActionOwner,2023-11-29 14:25:21.253,2025-05-18 17:14:06.090
adc,ReportWritingActionPlanAlert,2025-10-06 17:34:43.360,2025-10-06 17:34:43.360
adc,ReportWritingActionPlanDetail,2023-11-15 16:23:00.040,2023-11-15 16:23:00.040
adc,ReportWritingActionPlanStatus,2025-11-09 16:28:50.733,2025-11-09 16:28:50.733
adc,ReportWritingAnnexure,2022-08-16 11:52:52.963,2022-11-14 17:22:47.173
adc,ReportWritingAPR,2022-08-16 11:41:39.967,2022-08-16 11:41:39.967
adc,ReportWritingBasicInformation,2022-08-16 11:38:43.937,2022-08-24 15:16:52.383
adc,ReportWritingComment,2024-05-11 18:59:16.280,2025-05-18 17:16:39.187
adc,ReportWritingComplianceExternal,2023-11-04 16:16:41.587,2025-11-18 16:40:21.510
adc,ReportWritingComplianceExternalDoc,2023-11-04 16:50:14.827,2024-11-24 18:19:08.790
adc,ReportWritingComplianceExternalObs,2023-11-05 11:14:44.653,2023-11-05 11:14:44.750
adc,ReportWritingComplianceICQ,2024-10-03 16:55:40.240,2026-05-20 16:38:54.723
adc,ReportWritingComplianceICQComment,2026-02-14 13:10:39.290,2026-02-14 13:10:39.290
adc,ReportWritingComplianceICQFile,2023-11-05 17:51:34.340,2024-11-24 18:16:44.420
adc,ReportWritingComplianceIcqObservation,2025-05-18 17:10:22.207,2025-05-18 17:10:22.693
adc,ReportWritingComplianceICQRemark,2025-02-24 15:00:19.410,2025-02-24 15:00:19.410
adc,ReportWritingComplianceInternalDoc,2024-05-08 14:55:06.820,2024-11-24 18:19:06.237
adc,ReportWritingComplianceInternalObservation,2025-05-18 17:09:21.300,2025-05-18 17:09:22.540
adc,ReportWritingComplianceStatus,2023-11-02 16:27:01.993,2023-11-02 16:27:01.993
adc,ReportWritingComplianceText,2023-11-01 11:20:30.420,2025-05-18 17:09:00.657
adc,ReportWritingComponentPermission,2025-04-28 16:44:01.950,2025-10-23 15:07:36.913
adc,ReportWritingComponentTab,2022-10-29 13:45:05.040,2022-10-29 13:45:05.040
adc,ReportWritingConplianceInternal,2022-11-16 18:37:06.100,2025-11-18 16:40:21.240
adc,ReportWritingConplianceStatus,2022-08-16 11:54:09.467,2022-08-16 11:54:09.467
adc,ReportWritingDispatch,2022-11-16 16:44:15.060,2022-11-16 16:44:16.150
adc,ReportWritingDocument,2024-11-24 18:11:29.553,2024-11-24 18:11:29.553
adc,ReportWritingDocumentType,2022-11-09 12:26:30.570,2022-11-09 12:26:30.570
adc,ReportWritingEngagementBackground,2022-08-16 11:19:38.760,2022-08-16 11:19:38.760
adc,ReportWritingExecutiveSummary,2022-08-16 11:20:07.523,2022-08-16 11:20:07.523
adc,ReportWritingFinancialInformation,2022-08-16 11:20:22.870,2022-08-16 11:20:22.870
adc,ReportWritingForwardingLetter,2024-05-08 16:27:35.527,2026-07-13 15:39:35.647
adc,ReportWritingForwardingLetterDetail,2023-11-01 15:34:23.060,2023-11-01 15:49:11.997
adc,ReportWritingForwardingLetterMaster,2023-10-17 03:37:40.987,2023-10-17 03:48:02.070
adc,ReportWritingForwardingLetterRow,2022-08-16 11:36:19.473,2022-08-16 11:36:19.473
adc,ReportWritingForwardingLetterRowColumn,2022-08-16 11:44:13.243,2022-08-16 11:44:14.167
adc,ReportWritingForwardingLetterTemplate,2024-05-09 09:17:57.403,2026-07-09 19:05:15.130
adc,ReportWritingGenerateReport,2022-11-16 15:55:22.110,2022-11-16 15:55:23.313
adc,ReportWritingIAD,2023-11-23 18:01:19.197,2023-11-23 18:01:19.323
adc,ReportWritingIcqCategory,2022-08-16 11:19:08.627,2022-08-16 11:19:08.627
adc,ReportWritingIcqParticular,2022-08-16 11:19:13.497,2022-08-16 11:19:13.497
adc,ReportWritingMisInformation,2023-09-10 17:58:52.440,2023-09-10 17:58:53.040
adc,ReportWritingMisSection,2024-05-09 16:20:47.437,2024-05-09 16:20:48.180
adc,ReportWritingMisSectionDetail,2024-05-09 16:20:40.743,2024-05-09 16:20:41.467
adc,ReportWritingPageIndex,2022-10-25 17:00:10.110,2022-10-25 17:00:11.023
adc,ReportWritingPageIndexSection,2022-09-26 12:40:05.373,2022-09-26 12:43:05.433
adc,ReportWritingPageIndexTemplate,2022-09-27 17:43:53.300,2022-09-27 17:43:54.243
adc,ReportWritingPermSetting,2026-08-11 13:59:57.420,2026-08-11 13:59:57.420
adc,ReportWritingPermSettingAuditType,2026-07-28 15:25:35.033,2026-07-28 15:25:35.033
adc,ReportWritingPermSettingProgrammeGroup,2026-08-11 14:00:08.213,2026-08-11 14:00:08.213
adc,ReportWritingPermSettingReportType,2026-07-28 15:25:45.840,2026-07-28 15:25:45.840
adc,ReportWritingReport,2024-05-08 16:20:27.550,2026-04-28 15:06:12.073
adc,ReportWritingReportCategory,2022-08-16 08:25:27.410,2022-08-16 08:25:27.410
adc,ReportWritingReportDoc,2024-11-24 18:45:40.733,2024-11-24 18:45:40.733
adc,ReportWritingReportGenerateDoc,2026-01-14 16:25:07.550,2026-01-14 16:25:07.550
adc,ReportWritingReportHistory,2024-05-08 16:20:19.043,2024-05-08 16:20:20.003
adc,ReportWritingReportNotification,2025-09-14 16:25:37.020,2025-09-14 16:25:37.020
adc,ReportWritingReportSignature,2023-12-17 15:38:22.553,2024-05-08 17:00:12.997
adc,ReportWritingReportType,2023-10-15 16:44:57.590,2023-10-15 16:44:57.590
adc,ReportWritingReportVersionDoc,2024-11-24 18:40:53.340,2024-11-24 18:40:53.340
adc,ReportWritingRulesSetting,2024-05-31 18:46:50.060,2025-11-10 11:05:05.963
adc,ReportWritingSection,2022-10-26 16:32:12.227,2023-10-16 16:33:02.077
adc,ReportWritingSectionDetail,2022-11-14 12:59:57.723,2022-11-14 12:59:59.460
adc,ReportWritingStatus,2024-05-08 16:07:51.527,2024-05-08 16:07:51.527
biams,BIAMSArchive,2025-12-21 12:44:35.253,2025-12-21 12:44:35.253
biams,BIAMSArchive_Copy,2025-12-21 15:17:01.937,2025-12-21 15:17:01.937
biams,BIAMSAuditArchive,2025-12-21 18:40:10.160,2025-12-21 18:40:10.160
biams,BIAMSAuditBranchProject,2025-09-18 17:55:00.827,2025-09-28 16:57:21.007
biams,BIAMSAuditReport,2025-09-18 17:54:55.147,2025-10-01 18:07:51.920
biams,BIAMSAuditReport_24_12_2025,2025-12-24 19:02:57.350,2025-12-24 19:02:57.350
biams,BIAMSAuditReport_UnplannedData,2025-12-08 15:37:15.737,2025-12-08 15:37:15.737
biams,BIAMSAuditReportCategoryDetail_UnplannedData,2025-12-08 15:53:42.537,2025-12-08 15:53:42.537
biams,BIAMSReportCategoryDetail,2025-09-18 17:55:06.183,2025-10-01 16:15:24.520
biams,BIAMSReportCategoryDetail_Copy,2025-11-20 15:05:14.020,2025-11-20 15:05:14.020
biams,ProcessedItem,2025-09-29 15:16:42.737,2025-09-29 15:16:42.737
bis,HeadingDataType,2022-08-22 05:37:16.560,2022-08-22 05:37:18.410
dbo,__EFMigrationsHistory,2021-12-01 12:09:29.770,2021-12-01 12:09:29.770
dbo,ApplicationInfo,2023-03-22 12:30:48.237,2023-03-22 12:30:48.470
dbo,Area_DP,2022-01-12 18:26:17.177,2022-01-30 19:41:21.237
dbo,AssessmentQuestion,2021-12-01 12:53:47.143,2021-12-01 12:53:47.860
dbo,AssignManager,2021-12-12 10:35:44.063,2024-11-24 18:32:38.863
dbo,AuditLog,2022-01-30 14:53:37.663,2022-01-30 19:41:21.247
dbo,AuditLogOperation,2021-08-22 12:09:51.250,2022-01-30 14:53:38.510
dbo,BracStaff,2023-03-22 16:06:41.947,2025-09-14 15:32:59.030
dbo,CommentAreaType,2026-01-11 12:58:37.500,2026-01-11 12:58:37.500
dbo,CoreProgramme,2021-09-16 13:15:35.140,2021-09-16 13:15:35.140
dbo,DashboardSnapshot,2026-08-04 14:33:12.733,2026-08-04 14:33:13.283
dbo,DashboardSnapshotDivision,2026-08-04 14:33:13.147,2026-08-04 14:33:13.147
dbo,DashboardSnapshotMapf,2026-08-04 14:33:13.150,2026-08-04 14:33:13.150
dbo,DashboardSnapshotPendingStatus,2026-08-04 14:33:13.040,2026-08-04 14:33:13.040
dbo,DashboardSnapshotPortfolio,2026-08-04 14:33:13.180,2026-08-04 14:33:13.303
dbo,DashboardSnapshotRegion,2026-08-04 14:33:13.120,2026-08-04 14:33:13.120
dbo,DashboardSnapshotRisk,2026-08-04 14:33:12.960,2026-08-04 14:33:13.303
dbo,DashboardSnapshotSummary,2026-08-04 14:33:12.780,2026-08-04 14:33:12.780
dbo,DB_Errors,2023-11-27 18:36:12.217,2023-11-27 18:36:12.217
dbo,DigitalSignature,2021-08-22 17:02:36.687,2024-11-24 18:32:38.990
dbo,DocumentRootPathConfig,2024-11-24 18:36:25.213,2024-11-24 18:36:25.213
dbo,EmailConfiguration,2022-04-05 11:57:17.573,2022-05-23 11:43:33.170
dbo,EmailNotificationHistory,2025-10-26 18:43:37.960,2025-10-26 18:43:37.960
dbo,EmailSendGridEvent,2026-06-21 17:14:58.733,2026-06-21 17:14:58.837
dbo,EmailSendLog,2026-06-21 17:14:58.153,2026-06-21 17:14:58.793
dbo,EmailSmsHistory,2022-05-23 11:43:32.763,2022-05-23 11:43:32.763
dbo,FinancialUpazila,2021-10-21 10:02:02.927,2022-04-13 15:12:52.243
dbo,ForwardingLetterTemplate,2026-07-15 10:58:33.730,2026-07-15 10:58:33.730
dbo,ForwardingLetterType,2022-08-16 11:30:42.670,2022-08-16 11:30:42.670
dbo,NotificationEventType,2023-04-18 09:52:42.000,2023-04-18 09:52:42.000
dbo,NotificationLog,2021-09-22 13:46:10.460,2021-09-22 13:52:03.660
dbo,NotificationPriority,2025-09-08 18:25:44.377,2025-09-08 18:25:44.377
dbo,NotificationQueueSystem,2022-11-07 16:17:52.870,2022-11-07 16:17:53.927
dbo,NotificationQueueSystemDetail,2022-11-07 16:12:56.183,2023-03-20 11:26:54.667
dbo,NotificationStatus,2025-09-08 18:25:29.683,2025-09-08 18:25:29.683
dbo,NotificationTemplateTag,2023-04-27 12:33:06.570,2025-09-03 17:28:18.020
dbo,NotificationTemplateTagDetail,2023-05-14 14:38:16.273,2023-05-14 14:38:16.273
dbo,NotificationType,2021-09-22 13:47:51.187,2023-04-12 12:15:51.740
dbo,ObjectType,2021-08-22 12:09:51.257,2022-01-30 19:41:21.270
dbo,ObservationTemplateMaster,2023-10-11 15:04:50.530,2023-10-11 15:04:50.603
dbo,ReleaseNote,2023-03-22 17:04:52.353,2023-03-22 17:13:24.020
dbo,ReleaseNoteDetail,2023-03-22 17:12:20.587,2023-03-22 17:12:57.360
dbo,Role_Wise_Rule_Setup_Client,2023-05-24 18:20:37.603,2023-05-24 18:20:37.603
dbo,Roles_List_Temp_Client,2023-05-24 18:11:46.037,2023-05-30 12:11:26.807
dbo,SecuredLink,2025-09-29 15:13:49.070,2026-06-04 12:57:11.860
dbo,SmsConfiguration,2022-04-05 16:08:42.983,2022-05-23 11:43:33.583
dbo,SyncHistory,2022-04-06 16:26:24.117,2022-04-06 16:26:41.570
dbo,sysdiagrams,2021-12-15 17:26:22.617,2021-12-15 17:26:22.617
dbo,SystemNotificationDetail,2025-09-09 18:12:19.907,2025-09-09 18:12:19.907
dbo,SystemValidationInfo,2022-02-23 12:15:46.340,2022-02-23 12:15:46.440
dbo,UtilitySqlResult,2022-01-30 17:33:41.140,2022-01-30 17:33:41.627
di,LoanCollectionInformation,2022-03-28 17:34:22.263,2022-03-28 17:34:22.953
di,LoanDisbursementInformation,2022-03-29 10:39:32.583,2022-03-29 10:59:46.807
di,LoanDisbursementOverdueInformation,2022-03-29 12:10:29.290,2022-03-29 12:10:30.013
di,Particular,2022-04-11 12:32:21.140,2022-04-11 12:32:21.793
di,PeriodPerformanceGrowth,2022-04-11 12:38:16.723,2022-04-11 12:38:16.927
di,SlaveWiseDisbursmentInformation,2022-03-29 13:08:25.050,2022-03-29 13:09:31.067
di,VoInformation,2022-03-27 17:58:58.940,2022-03-27 17:58:59.713
dms,Content,2021-08-22 12:10:00.240,2021-09-15 19:22:15.380
dms,ContentDetail,2021-08-22 12:10:00.240,2021-09-16 11:18:01.123
dms,ContentType,2021-08-22 12:10:00.243,2021-09-16 14:37:06.393
dms,Directory,2021-08-22 12:10:00.247,2021-09-16 14:37:31.750
dms,DocumentLibrary,2021-08-22 12:10:00.250,2021-09-19 17:28:22.750
dms,DocumentSource,2022-08-21 10:57:59.683,2022-08-21 10:57:59.683
dms,DocumentStructureConfiguration,2025-02-24 15:00:14.213,2025-02-24 15:00:15.363
dms,FileStorageHistory,2024-11-24 17:58:37.083,2024-11-24 17:58:37.083
dms,FileStorageType,2024-05-31 18:47:39.190,2024-05-31 18:47:39.190
dms,Node,2021-08-22 12:10:09.630,2021-09-16 11:20:16.877
dti,BranchRiskAnalysisData,2026-07-21 13:22:52.967,2026-07-21 13:22:52.967
HangFire,AggregatedCounter,2025-07-25 19:23:57.120,2025-07-25 19:23:57.447
HangFire,Counter,2025-07-25 19:23:57.020,2025-07-25 19:23:57.473
HangFire,Hash,2025-07-25 19:23:57.110,2025-07-25 19:23:57.480
HangFire,Job,2025-07-25 19:23:56.623,2025-07-25 19:23:57.453
HangFire,JobParameter,2025-07-25 19:23:56.747,2025-07-25 19:23:57.450
HangFire,JobQueue,2025-07-25 19:23:56.817,2025-07-25 19:23:57.490
HangFire,List,2025-07-25 19:23:56.933,2025-07-25 19:23:57.447
HangFire,Schema,2025-07-25 19:23:56.577,2025-07-25 19:23:56.577
HangFire,Server,2025-07-25 19:23:56.853,2025-07-25 19:23:57.470
HangFire,Set,2025-07-25 19:23:56.977,2025-07-25 19:23:57.477
HangFire,State,2025-07-25 19:23:56.690,2025-07-25 19:23:57.480
map,Branch,2022-02-22 13:05:11.803,2025-06-04 15:03:59.780
map,BranchProject,2025-06-04 15:03:58.450,2025-06-04 15:08:31.633
map,BranchProjectAudit,2025-06-04 15:05:16.573,2025-06-04 15:08:32.160
map,BranchProjectOrgArea,2024-05-31 18:52:43.210,2024-05-31 18:52:44.327
map,BranchProjectOrgDistrict,2024-05-31 18:53:37.890,2024-05-31 18:53:39.013
map,BranchProjectOrgDivision,2024-05-31 18:54:28.817,2024-05-31 18:54:30.013
map,BranchProjectOrgUpazila,2024-05-31 18:55:44.710,2024-05-31 18:55:45.700
map,BranchProjectRisk,2022-09-14 15:48:08.060,2026-07-21 11:08:28.970
map,BranchProjectRiskDetail,2022-01-08 15:10:14.530,2022-09-14 15:48:11.910
map,BRiskProject,2022-03-23 12:47:41.487,2022-03-23 12:47:42.023
map,Country,2022-09-13 12:52:40.787,2022-09-13 12:53:09.693
map,District,2022-01-04 15:32:36.830,2022-01-04 15:39:34.137
map,Division,2022-01-04 15:33:20.940,2022-09-13 12:52:45.583
map,Organization,2022-08-22 06:11:09.800,2022-09-13 12:52:44.370
map,OrgArea,2022-04-13 16:32:50.010,2024-05-31 18:52:44.327
map,OrgDistrict,2022-04-13 16:31:17.290,2024-05-31 18:53:39.013
map,OrgDivision,2022-04-13 16:30:42.627,2024-05-31 18:54:30.013
map,OrgUpazila,2022-04-13 16:31:59.750,2024-05-31 18:55:45.700
map,Programme,2023-05-06 11:42:33.717,2025-02-24 14:58:28.033
map,ProgrammeGroup,2022-01-17 11:08:39.930,2023-05-29 12:38:59.477
map,ProgrammeGroupProgramme,2022-03-30 10:39:09.083,2022-03-30 10:39:09.083
map,ProgrammeMappingHistory,2025-05-26 12:31:15.520,2025-05-26 12:31:15.520
map,ProgrammeSubProgramme,2022-03-30 10:33:52.033,2022-03-30 10:33:52.033
map,Project,2025-02-24 14:58:26.267,2026-08-06 15:52:49.080
map,SubProgramme,2023-05-06 11:45:54.253,2025-02-24 14:58:28.160
map,SubProgrammeProject,2022-03-30 10:51:10.347,2025-05-25 11:03:24.360
map,Upazila,2022-01-04 15:39:33.017,2022-02-22 13:05:13.263
mis,APRDetailsData,2025-07-27 11:16:03.877,2025-07-27 11:16:03.877
mis,AprFinalScoreData,2025-07-27 11:16:40.000,2025-07-27 11:16:40.000
mis,APRSummaryData,2025-07-27 11:20:31.113,2025-07-27 11:20:31.113
mis,DynamicMisReport,2025-02-24 14:47:10.860,2025-02-24 14:47:10.860
mis,MISDynamicReportData,2025-08-14 15:10:35.220,2026-05-17 10:23:53.157
mis,MisReportHeaderDetail,2025-02-24 14:49:21.703,2025-02-24 14:49:21.703
mis,MisReportHeaderType,2025-02-24 14:49:22.170,2025-02-24 14:49:22.170
mis,SegregationOfFullReportOrObservation,2025-11-11 11:58:31.040,2025-11-11 11:58:31.040
ofl,ActiveInactiveStatus_STAGE,2022-10-04 15:57:19.277,2022-10-04 15:57:19.277
ofl,AppComponent_STAGE,2022-10-04 12:28:35.087,2022-10-04 12:28:35.087
ofl,AppComponentGroup_STAGE,2022-10-04 12:28:54.140,2022-10-04 12:28:54.140
ofl,AppComponentSection_STAGE,2022-10-04 12:29:07.863,2022-10-04 12:29:07.863
ofl,AppComponentType_STAGE,2022-10-11 11:43:39.050,2022-10-11 11:43:39.050
ofl,AppRoleAndPermission_STAGE,2022-10-04 12:29:36.450,2022-10-04 12:29:36.450
ofl,AppUser_STAGE,2022-10-04 12:30:01.513,2022-10-04 12:30:01.513
ofl,AppUserAuthOtp_STAGE,2022-10-04 12:30:13.130,2022-10-04 12:30:13.130
ofl,AspNetRoleClaims_STAGE,2022-10-04 12:30:25.433,2022-10-04 12:30:25.433
ofl,AspNetRoles_STAGE,2022-10-04 12:30:35.737,2022-10-04 12:30:35.737
ofl,AspNetUserClaims_STAGE,2022-10-04 12:30:45.750,2022-10-04 12:30:45.750
ofl,AspNetUserLogins_STAGE,2022-10-04 12:30:55.630,2022-10-04 12:30:55.630
ofl,AspNetUserRoles_STAGE,2022-10-04 12:31:05.700,2022-10-04 12:31:05.700
ofl,AspNetUsers_STAGE,2022-10-04 12:31:17.537,2022-10-04 12:31:17.537
ofl,AspNetUserTokens_STAGE,2022-10-04 12:31:24.917,2022-10-04 12:31:24.917
ofl,AudConObsAccusedPerson_STAGE,2022-10-04 11:23:12.737,2022-10-04 11:23:12.737
ofl,AuditCategory_STAGE,2022-10-04 15:57:56.437,2022-10-04 15:57:56.437
ofl,AuditConduction_STAGE,2022-10-04 11:24:03.147,2022-10-04 11:24:03.147
ofl,AuditConductionControl_STAGE,2022-10-04 11:24:32.777,2022-10-04 11:24:32.777
ofl,AuditConductionControlAssertion_STAGE,2022-10-04 11:24:51.280,2022-10-04 11:24:51.280
ofl,AuditConductionControlDetail_STAGE,2022-10-04 11:25:11.493,2022-10-04 11:25:11.493
ofl,AuditConductionControlSampleInfo_STAGE,2022-10-04 11:25:25.937,2022-10-04 11:25:25.937
ofl,AuditConductionDesignAssesment_STAGE,2022-10-04 11:25:40.777,2022-10-04 11:25:40.777
ofl,AuditConductionDocument_STAGE,2022-10-04 11:25:53.350,2022-10-04 11:25:53.350
ofl,AuditConductionDocumentType_STAGE,2022-10-04 11:26:05.370,2022-10-04 11:26:05.370
ofl,AuditConductionMeeting_STAGE,2022-10-04 11:26:15.570,2022-10-04 11:26:15.570
ofl,AuditConductionMeetingDecision_STAGE,2022-10-04 11:26:27.523,2022-10-04 11:26:27.523
ofl,AuditConductionMeetingDetail_STAGE,2022-10-04 11:26:38.870,2022-10-04 11:26:38.870
ofl,AuditConductionMeetingExpectation_STAGE,2022-10-04 11:26:51.680,2022-10-04 11:26:51.680
ofl,AuditConductionMeetingFocusArea_STAGE,2022-10-04 11:27:03.303,2022-10-04 11:27:03.303
ofl,AuditConductionMeetingMember_STAGE,2022-10-04 11:27:38.293,2022-10-04 11:27:38.293
ofl,AuditConductionMeetingStatus_STAGE,2022-10-04 11:27:57.340,2022-10-04 11:27:57.340
ofl,AuditConductionMeetingType_STAGE,2022-10-04 11:28:09.160,2022-10-04 11:28:09.160
ofl,AuditConductionMovement_STAGE,2022-10-04 11:28:20.593,2022-10-04 11:28:20.593
ofl,AuditConductionObservation_STAGE,2022-10-04 11:28:33.233,2022-10-04 11:28:33.233
ofl,AuditConductionObservationComment_STAGE,2022-10-04 11:28:43.650,2022-10-04 11:28:43.650
ofl,AuditConductionObservationControl_STAGE,2022-10-04 11:28:53.647,2022-10-04 11:28:53.647
ofl,AuditConductionObservationDesignAssesment_STAGE,2022-10-04 11:29:03.323,2022-10-04 11:29:03.323
ofl,AuditConductionObservationRecommend_STAGE,2022-10-04 11:29:13.810,2022-10-04 11:29:13.810
ofl,AuditConductionObservationRow_STAGE,2022-10-04 11:29:23.620,2022-10-04 11:29:23.620
ofl,AuditConductionObservationRowColumn_STAGE,2022-10-04 11:29:38.230,2022-10-04 11:29:38.230
ofl,AuditConductionObservationSubstantive_STAGE,2022-10-04 11:29:51.597,2022-10-04 11:29:51.597
ofl,AuditConductionObservationType_STAGE,2022-10-04 11:30:16.340,2022-10-04 11:30:16.340
ofl,AuditConductionPlanningDocument_STAGE,2022-10-04 11:30:27.117,2022-10-04 11:30:27.117
ofl,AuditConductionPlanningDocumentStage_STAGE,2022-10-04 11:30:37.560,2022-10-04 11:30:37.560
ofl,AuditConductionPlanningDocumentStageGroup_STAGE,2022-10-04 11:30:58.973,2022-10-04 11:30:58.973
ofl,AuditConductionPlanningDocumentStatus_STAGE,2022-10-04 11:31:17.820,2022-10-04 11:31:17.820
ofl,AuditConductionPlanningProcess_STAGE,2022-10-04 11:31:32.717,2022-10-04 11:31:32.717
ofl,AuditConductionPlanningSubProcess_STAGE,2022-10-04 11:31:47.327,2022-10-04 11:31:47.327
ofl,AuditConductionStatus_STAGE,2022-10-04 11:32:00.333,2022-10-04 11:32:00.333
ofl,AuditConductionStep_STAGE,2022-10-04 11:32:26.400,2022-10-04 11:32:26.400
ofl,AuditConductionSubstantive_STAGE,2022-10-04 11:32:52.550,2022-10-04 11:32:52.550
ofl,AuditConductionSubstantiveAssertion_STAGE,2022-10-04 11:33:04.700,2022-10-04 11:33:04.700
ofl,AuditConductionSubstantiveDetail_STAGE,2022-10-04 11:33:16.477,2022-10-04 11:33:16.477
ofl,AuditConductionSubstantiveSampleInfo_STAGE,2022-10-04 11:33:34.887,2022-10-04 11:33:34.887
ofl,AuditStep_STAGE,2022-10-04 15:58:08.843,2022-10-04 15:58:08.843
ofl,AuditType_STAGE,2022-10-04 15:58:21.367,2022-10-04 15:58:21.367
ofl,BracStaffStatus_STAGE,2022-10-04 15:58:35.367,2022-10-04 15:58:35.367
ofl,Branch_STAGE,2022-09-28 14:48:32.107,2022-09-28 15:02:28.473
ofl,BranchProject_STAGE,2022-10-03 11:25:49.327,2022-10-03 11:25:49.327
ofl,BranchProjectAudit_STAGE,2022-10-03 11:26:39.337,2022-10-03 11:26:39.337
ofl,BranchProjectOrgArea_STAGE,2022-10-03 11:26:59.873,2022-10-03 11:26:59.873
ofl,BranchProjectOrgDistrict_STAGE,2022-10-03 11:28:50.010,2022-10-03 11:28:50.010
ofl,BranchProjectOrgDivision_STAGE,2022-10-03 11:32:53.710,2022-10-03 11:32:53.710
ofl,BranchProjectOrgUpazila_STAGE,2022-10-03 11:34:41.000,2022-10-03 11:34:41.000
ofl,BranchProjectRisk_STAGE,2022-10-03 11:36:08.700,2022-10-03 11:36:08.700
ofl,BranchProjectRiskDetail_STAGE,2022-10-03 11:36:33.747,2022-10-03 11:36:33.747
ofl,BRiskProject_STAGE,2022-10-03 11:37:01.113,2022-10-03 11:37:01.113
ofl,Compliance_STAGE,2022-10-04 11:33:54.403,2022-10-04 11:33:54.403
ofl,Contain_STAGE,2022-10-04 15:58:47.117,2022-10-04 15:58:47.117
ofl,Container_STAGE,2022-10-04 15:59:00.557,2022-10-04 15:59:00.557
ofl,ContainerContain_STAGE,2022-10-04 15:59:14.077,2022-10-04 15:59:14.077
ofl,ContainerContainRow_STAGE,2022-10-04 15:59:28.200,2022-10-04 15:59:28.200
ofl,ContainerContainRowColumn_STAGE,2022-10-04 15:59:47.770,2022-10-04 15:59:47.770
ofl,ContainerStaging_STAGE,2022-10-04 16:00:00.907,2022-10-04 16:00:00.907
ofl,ContainType_STAGE,2022-10-04 16:00:13.367,2022-10-04 16:00:13.367
ofl,Country_STAGE,2022-10-03 11:37:26.440,2022-10-03 11:37:26.440
ofl,DashboardCard_STAGE,2022-10-04 16:00:26.637,2022-10-04 16:00:26.637
ofl,Department_STAGE,2022-10-04 16:00:39.600,2022-10-04 16:00:39.600
ofl,Depratment_STAGE,2022-10-04 16:00:51.483,2022-10-04 16:00:51.483
ofl,Designation_STAGE,2022-10-04 16:01:04.567,2022-10-04 16:01:04.567
ofl,District_STAGE,2022-10-03 11:37:48.177,2022-10-03 11:37:48.177
ofl,Division_STAGE,2022-10-03 11:38:11.917,2022-10-03 11:38:11.917
ofl,DonarInformation_STAGE,2022-10-04 16:01:21.880,2022-10-04 16:01:21.880
ofl,EmailAddressBook_STAGE,2022-10-04 16:01:43.603,2022-10-04 16:01:43.603
ofl,EmailDirectoryUpdateHistory_STAGE,2022-10-04 16:01:59.033,2022-10-04 16:01:59.033
ofl,EmailGroup_STAGE,2022-10-04 16:02:10.080,2022-10-04 16:02:10.080
ofl,EmailGroupDetail_STAGE,2022-10-04 16:13:53.420,2022-10-04 16:13:53.420
ofl,EntranceMeetingDecision_STAGE,2022-10-04 11:34:13.927,2022-10-04 11:34:13.927
ofl,Heading_STAGE,2022-10-04 16:14:17.397,2022-10-04 16:14:17.397
ofl,HeadingSource_STAGE,2022-10-04 16:14:33.117,2022-10-04 16:14:33.117
ofl,HeadingType_STAGE,2022-10-04 16:14:54.920,2022-10-04 16:14:54.920
ofl,Language_STAGE,2022-10-04 16:15:12.247,2022-10-04 16:15:12.247
ofl,LOG_STAGE,2022-10-13 12:25:48.080,2022-10-13 12:25:48.080
ofl,MovementType_STAGE,2022-10-04 16:15:24.523,2022-10-04 16:15:24.523
ofl,Observation_STAGE,2022-10-04 16:16:09.757,2022-10-04 16:16:09.757
ofl,Observation_TMP_STAGE,2022-10-04 16:18:09.520,2022-10-04 16:18:09.520
ofl,ObservationCategory_STAGE,2022-10-04 16:19:01.617,2022-10-04 16:19:01.617
ofl,ObservationCharacteristic_STAGE,2022-10-04 16:21:55.910,2022-10-04 16:21:55.910
ofl,ObservationCharacteristicDetail_STAGE,2022-10-04 16:22:11.970,2022-10-04 16:22:11.970
ofl,ObservationDetail_STAGE,2022-10-04 16:22:26.167,2022-10-04 16:22:26.167
ofl,Organization_STAGE,2022-10-03 11:38:38.270,2022-10-03 11:38:38.270
ofl,OrgArea_STAGE,2022-10-03 11:38:54.780,2022-10-03 11:38:54.780
ofl,OrgDistrict_STAGE,2022-10-03 11:39:28.133,2022-10-03 11:39:28.133
ofl,OrgDivision_STAGE,2022-10-03 11:39:47.117,2022-10-03 11:39:47.117
ofl,OrgUpazila_STAGE,2022-10-03 11:40:12.317,2022-10-03 11:40:12.317
ofl,PlanningDocumentComment_STAGE,2022-10-04 11:34:24.410,2022-10-04 11:34:24.410
ofl,PlanningDocumentRequisition_STAGE,2022-10-04 11:34:35.193,2022-10-04 11:34:35.193
ofl,PlanningDocumentRequisitionSlotDetail_STAGE,2022-10-04 11:34:56.967,2022-10-04 11:34:56.967
ofl,Programme_STAGE,2022-10-03 11:40:38.410,2022-10-03 11:40:38.410
ofl,ProgrammeGroup_STAGE,2022-10-03 11:41:01.280,2022-10-03 11:41:01.280
ofl,ProgrammeGroupProgramme_STAGE,2022-10-03 11:41:21.850,2022-10-03 11:41:21.850
ofl,ProgrammeSubProgramme_STAGE,2022-10-03 11:41:40.937,2022-10-03 11:41:40.937
ofl,Project_STAGE,2022-10-03 11:42:14.327,2022-10-03 11:42:14.327
ofl,QueryDataDictionary_STAGE,2022-10-04 16:22:38.477,2022-10-04 16:22:38.477
ofl,ReportContent_STAGE,2022-10-04 16:22:55.153,2022-10-04 16:22:55.153
ofl,ReportContentHeading_STAGE,2022-10-04 16:23:08.717,2022-10-04 16:23:08.717
ofl,ReportTemplate_STAGE,2022-10-04 16:23:19.887,2022-10-04 16:23:19.887
ofl,ReportType_STAGE,2022-10-04 16:23:34.003,2022-10-04 16:23:34.003
ofl,ReportWritingAnnexure_STAGE,2022-10-04 11:35:12.230,2022-10-04 11:35:12.230
ofl,ReportWritingAPR_STAGE,2022-10-04 11:36:24.543,2022-10-04 11:36:24.543
ofl,ReportWritingBasicInformation_STAGE,2022-10-04 11:36:38.343,2022-10-04 11:36:38.343
ofl,ReportWritingConplianceExternal_STAGE,2022-10-04 11:36:59.100,2022-10-04 11:36:59.100
ofl,ReportWritingConplianceICQ_STAGE,2022-10-04 11:37:12.820,2022-10-04 11:37:12.820
ofl,ReportWritingConplianceInternal_STAGE,2022-10-04 11:37:31.453,2022-11-14 17:01:28.763
ofl,ReportWritingConplianceStatus_STAGE,2022-10-04 11:37:54.177,2022-10-04 11:37:54.177
ofl,ReportWritingEngagementBackground_STAGE,2022-10-04 11:38:06.460,2022-10-04 11:38:06.460
ofl,ReportWritingExecutiveSummary_STAGE,2022-10-04 11:38:19.037,2022-10-04 11:38:19.037
ofl,ReportWritingFinancialInformation_STAGE,2022-10-04 11:38:31.423,2022-10-04 11:38:31.423
ofl,ReportWritingForwardingLetter_STAGE,2022-10-04 11:38:43.213,2022-10-04 11:38:43.213
ofl,ReportWritingForwardingLetterRow_STAGE,2022-10-04 11:39:05.707,2022-10-04 11:39:05.707
ofl,ReportWritingForwardingLetterRowColumn_STAGE,2022-10-04 11:39:40.217,2022-10-04 11:39:40.217
ofl,ReportWritingForwardingLetterTemplate_STAGE,2022-10-04 11:39:53.907,2022-10-04 11:39:53.907
ofl,ReportWritingIAD_STAGE,2022-10-04 11:40:05.990,2022-10-04 11:40:05.990
ofl,ReportWritingIcqCategory_STAGE,2022-10-04 11:40:17.397,2022-10-04 11:40:17.397
ofl,ReportWritingIcqParticular_STAGE,2022-10-04 11:40:30.160,2022-10-04 11:40:30.160
ofl,ReportWritingPageIndex_STAGE,2022-10-04 11:40:44.877,2022-10-04 11:40:44.877
ofl,ReportWritingPageIndexSection_STAGE,2022-10-04 11:41:00.280,2022-10-04 11:41:00.280
ofl,ReportWritingPageIndexTemplate_STAGE,2022-10-04 11:41:16.590,2022-10-04 11:41:16.590
ofl,ReportWritingReportCategory_STAGE,2022-10-04 11:41:32.183,2022-10-04 11:41:32.183
ofl,ReportWritingReportSignature_STAGE,2022-10-04 11:41:42.893,2022-10-04 11:41:42.893
ofl,RiskCriteria_STAGE,2022-10-04 16:23:44.847,2022-10-04 16:23:44.847
ofl,RiskCriteriaCategory_STAGE,2022-10-04 16:23:56.117,2022-10-04 16:23:56.117
ofl,RiskType_STAGE,2022-10-04 16:24:09.257,2022-10-04 16:24:09.257
ofl,StructureCategory_STAGE,2022-10-04 16:24:28.087,2022-10-04 16:24:28.087
ofl,StructureElement_STAGE,2022-10-04 16:24:38.600,2022-10-04 16:24:38.600
ofl,StructureType_STAGE,2022-10-04 16:24:53.367,2022-10-04 16:24:53.367
ofl,SubProgramme_STAGE,2022-10-03 11:42:38.210,2022-10-03 11:42:38.210
ofl,SubProgrammeProject_STAGE,2022-10-03 11:43:03.850,2022-10-03 11:43:03.850
ofl,TablePropertyConfiguration,2022-10-13 17:23:12.367,2022-10-13 17:23:13.493
ofl,Upazila_STAGE,2022-10-03 11:43:26.827,2022-10-03 11:43:26.827
ofl,UserRefreshToken_STAGE,2022-10-04 12:31:34.490,2022-10-04 12:31:34.490
ofl,UserRole_STAGE,2022-10-04 12:31:43.067,2022-10-04 12:31:43.067
ofl,Zone_STAGE,2022-10-04 16:25:12.690,2022-10-04 16:25:12.690
onl,AuditConduction_STAGE,2022-10-13 18:03:14.767,2022-10-13 18:03:14.767
onl,AuditConductionControl_STAGE,2022-10-13 18:25:37.720,2022-10-20 12:25:04.493
onl,AuditConductionControlAssertion_STAGE,2022-10-13 18:44:41.547,2022-10-13 18:44:41.547
onl,AuditConductionControlDetail_STAGE,2022-10-13 18:32:47.030,2022-10-13 18:32:47.030
onl,AuditConductionDesignAssesment_STAGE,2022-10-13 18:35:02.680,2022-10-13 18:35:02.680
onl,AuditConductionMovement_STAGE,2022-10-13 18:36:20.380,2022-10-13 18:36:20.380
onl,AuditConductionObservation_STAGE,2022-10-13 18:39:44.427,2022-10-13 18:39:44.427
onl,AuditConductionObservationDesignAssesment_STAGE,2022-10-13 18:40:29.843,2022-10-13 18:40:29.843
onl,AuditConductionObservationSubstantive_STAGE,2022-10-13 18:41:27.137,2022-10-13 18:41:27.137
onl,AuditConductionPlanningDocument_STAGE,2022-10-13 18:11:47.257,2022-10-13 18:11:47.257
onl,AuditConductionPlanningProcess_STAGE,2022-10-13 18:13:15.060,2022-10-13 18:13:15.060
onl,AuditConductionPlanningSubProcess_STAGE,2022-10-13 18:14:17.620,2022-10-13 18:14:17.620
onl,AuditConductionSubstantive_STAGE,2022-10-13 18:37:43.583,2022-10-13 18:37:43.583
onl,AuditConductionSubstantiveAssertion_STAGE,2022-10-13 18:38:42.760,2022-10-13 18:38:42.760
onl,Observation_STAGE,2022-10-13 18:46:59.413,2022-10-13 18:46:59.413
pld,Assertion,2022-08-21 12:37:54.000,2023-09-24 14:33:55.687
pld,AudConSubstantiveTestProcedureMap,2023-09-04 13:12:44.777,2023-09-04 13:12:44.777
pld,AuditConductionControlMap,2023-09-10 11:47:02.007,2023-09-10 11:47:02.007
pld,AuditConductionDesignAssesmentMap,2023-09-17 14:54:30.097,2023-09-17 14:54:30.097
pld,ControlQuestion,2023-07-24 10:53:16.850,2023-10-09 11:54:22.447
pld,ControlQuestionDetail,2023-07-24 10:53:30.123,2023-07-24 10:53:30.123
pld,DesignAssesment,2022-05-23 11:56:14.997,2023-10-08 17:39:32.457
pld,DesignAssesmentDetail,2022-05-23 11:56:30.990,2022-05-23 11:59:19.070
pld,FrequencyOfControl,2022-08-22 07:13:56.180,2023-09-24 14:08:06.623
pld,NatureOfControl,2022-05-23 11:44:28.970,2023-09-24 14:03:06.453
pld,PdControl,2023-10-16 12:01:17.583,2023-10-16 12:01:17.700
pld,PdControlQuestionMap,2023-08-01 17:37:27.590,2023-08-10 12:46:12.863
pld,PerformProcedure,2022-08-22 07:11:50.013,2022-08-22 07:11:50.917
pld,PlanningDiagram,2024-11-24 18:18:49.290,2024-11-24 18:36:38.003
pld,PlanningDiagramFile,2024-11-24 18:36:30.953,2024-11-24 18:36:38.000
pld,PlanningDiagramFileTemp,2024-07-02 18:51:53.133,2024-07-02 18:51:53.133
pld,PlanningDocument,2023-09-13 16:09:14.177,2025-02-24 14:58:29.890
pld,PlanningProcess,2022-04-10 11:12:17.837,2023-10-08 17:39:24.697
pld,PlanningSubProcess,2022-04-10 11:13:44.243,2023-11-19 12:25:01.990
pld,RiskLevel,2022-08-22 07:09:50.380,2022-08-22 07:09:51.293
pld,SubstantiveTestProcedure,2022-05-23 11:55:58.807,2023-10-08 17:39:41.957
sch,AuditSchedule,2025-02-24 14:53:25.657,2026-02-23 12:12:37.827
sch,AuditScheduleAuditor,2022-03-14 17:01:00.500,2026-05-06 16:14:45.687
sch,AuditScheduleComment,2023-09-19 12:33:38.327,2023-09-19 12:33:38.327
sch,AuditScheduleCommunicator,2022-04-25 14:52:50.463,2022-04-25 14:52:51.297
sch,AuditScheduleDetail,2022-03-02 11:13:03.633,2022-03-02 11:13:04.867
sch,AuditScheduleLockUnLock,2023-08-06 12:06:11.097,2023-08-06 12:06:11.097
sch,AuditScheduleLockUnLockHistory,2023-08-08 13:03:59.233,2023-08-08 13:03:59.233
sch,AuditScheduleManagementHierarchy,2025-02-24 14:50:57.137,2025-02-24 14:50:57.137
sch,AuditScheduleStatus,2025-02-24 14:59:04.670,2025-02-24 14:59:04.670
sch,AuditScheduleType,2025-02-24 14:49:18.510,2025-02-24 14:49:18.510
sch,ExternalAuditSchedule,2022-08-16 08:41:02.637,2022-08-16 08:41:02.637
sch,ExternalScheduleFileUpload,2022-08-16 08:41:13.663,2022-08-16 08:41:13.663
sch,ForwardingLetter,2023-08-09 15:23:13.877,2023-09-18 12:38:51.997
sch,ForwardingLetterAuditType,2022-07-21 11:16:22.067,2022-07-21 11:16:22.067
sch,ForwardingLetterComment,2023-09-10 12:32:26.467,2023-09-10 12:32:26.760
sch,ForwardingLetterDetail,2023-08-09 15:20:23.687,2024-11-24 18:11:28.763
sch,ForwardingLetterGroupTemplate,2022-05-17 10:38:33.660,2022-05-17 10:38:33.660
sch,ForwardingLetterProgramme,2023-08-07 11:10:27.227,2023-08-07 11:10:27.983
sch,ForwardingLetterProgrammeGroup,2023-08-07 11:10:10.247,2023-08-07 11:10:11.583
sch,ForwardingLetterReportType,2023-08-09 14:45:34.967,2023-08-09 14:55:48.887
sch,ForwardingLetterStatus,2023-08-01 11:39:27.833,2023-08-01 11:39:28.143
sec,AppComponent,2024-05-11 17:53:54.973,2024-05-11 17:53:55.673
sec,AppComponentGroup,2021-12-01 12:09:06.320,2024-05-11 17:53:55.573
sec,AppComponentSection,2021-12-01 12:09:34.797,2021-12-01 13:08:21.290
sec,AppComponentType,2021-12-01 12:09:40.057,2024-05-11 17:53:55.673
sec,AppDataEntityAuditLog,2025-02-24 15:00:45.623,2025-02-24 15:00:45.623
sec,AppDataEntityFieldDefinition,2025-04-28 17:53:01.460,2025-04-28 17:53:01.460
sec,AppReportColumn,2025-05-27 15:00:08.967,2025-06-17 12:18:04.530
sec,AppRoleAndPermission,2021-12-27 15:08:53.493,2025-05-28 15:24:46.407
sec,AppRoleReportColumnPermission,2025-05-27 15:00:58.200,2025-05-27 15:00:58.200
sec,AppSubComponent,2025-03-25 10:15:09.540,2025-03-25 10:15:09.540
sec,AppUser,2024-11-24 18:32:38.350,2024-11-24 18:32:41.400
sec,AppUserAuthOtp,2022-07-21 13:01:24.420,2022-07-21 13:01:57.800
sec,AppUserLocation,2023-07-20 12:16:03.200,2023-07-20 12:16:04.143
sec,AppUserPermission,2023-06-26 11:47:39.323,2023-06-26 11:47:40.437
sec,AppUserReportColumnPermission,2025-06-02 12:19:58.700,2025-06-02 12:19:59.887
sec,AppUserReportProjectPermission,2026-07-15 16:45:28.500,2026-07-15 16:45:28.500
sec,AppUserTm,2024-11-24 18:32:35.773,2024-11-24 18:32:35.773
sec,AspNetRoleClaims,2021-12-01 12:09:50.663,2022-02-16 14:29:17.120
sec,AspNetRoles,2022-02-16 14:23:37.490,2022-03-09 19:08:48.697
sec,AspNetUserClaims,2022-02-16 14:01:09.623,2022-02-16 14:01:10.470
sec,AspNetUserLogins,2021-12-01 13:08:08.680,2022-01-27 17:10:08.323
sec,AspNetUserRoles,2022-01-06 12:18:38.113,2022-03-07 19:55:57.390
sec,AspNetUsers,2022-01-27 17:10:05.297,2025-04-21 20:11:38.930
sec,AspNetUserTokens,2021-12-01 12:07:13.417,2022-08-21 13:07:35.510
sec,DetailEntityFieldDefinition,2025-02-24 14:58:15.653,2025-02-24 14:58:15.653
sec,UserLoginAsHistory,2025-04-21 20:11:28.280,2025-04-21 20:11:28.280
sec,UserLogInOutHistory,2023-12-24 12:54:41.510,2023-12-24 12:54:41.637
sec,UserRefreshToken,2022-08-21 11:07:43.540,2022-08-21 11:07:43.540
sec,UserRole,2022-08-22 05:44:28.667,2022-08-22 05:44:29.583
std,ActiveInactiveStatus,2022-08-23 06:44:50.497,2022-08-23 06:45:39.013
std,AuditCategory,2022-08-29 16:52:55.690,2026-08-06 15:52:48.733
std,AuditStep,2022-07-21 12:43:41.067,2022-07-21 12:43:41.067
std,AuditType,2022-08-22 07:05:28.740,2026-08-06 15:52:48.583
std,BracStaffStatus,2022-09-04 16:31:26.440,2022-09-04 18:00:03.513
std,BusinessUnit,2025-04-28 17:51:51.030,2025-04-28 17:51:51.030
std,ChangeRequestDesiredStatus,2025-10-14 15:00:15.010,2025-10-14 15:00:15.010
std,ChangeRequestType,2025-10-19 13:51:41.100,2025-10-19 13:51:41.100
std,ComplianceExternal,2023-11-01 18:49:54.937,2023-11-01 18:49:55.257
std,ComplianceExternalDetail,2023-10-30 15:24:05.990,2023-11-01 18:49:28.327
std,Component,2023-03-07 16:07:30.557,2023-12-05 16:44:40.063
std,Contain,2022-08-22 06:58:31.953,2022-08-22 06:58:32.847
std,Container,2022-08-22 06:56:18.773,2022-08-22 06:56:19.677
std,ContainerContain,2022-07-21 12:37:44.017,2022-07-21 12:37:44.017
std,ContainerContainRow,2022-07-21 12:37:48.670,2022-07-21 12:37:48.670
std,ContainerContainRowColumn,2022-07-21 12:37:54.090,2022-07-21 12:37:54.090
std,ContainerStaging,2022-09-27 15:12:29.317,2022-09-27 15:12:29.317
std,ContainType,2022-08-16 11:55:05.833,2022-08-16 11:55:05.833
std,DashboardCard,2022-07-21 12:44:18.753,2022-07-21 12:44:18.753
std,Department,2022-03-13 15:24:26.967,2022-03-13 15:24:27.163
std,Depratment,2021-09-19 18:50:22.997,2023-06-12 13:15:03.800
std,Designation,2022-08-22 06:41:18.453,2026-04-09 17:46:08.773
std,DocumentRequisition,2025-02-24 14:55:58.710,2025-02-24 14:55:58.710
std,DocumentRequisitionDetail,2025-02-24 14:55:59.200,2025-03-10 11:27:56.130
std,DocumentRequisitionDetailDoc,2025-02-24 14:56:00.157,2025-02-24 14:56:01.640
std,Donor,2022-11-21 14:32:43.883,2022-11-23 17:17:33.607
std,EmailAddressBook,2023-06-11 17:28:02.013,2023-08-08 16:33:13.657
std,EmailDirectoryUpdateHistory,2022-09-03 16:07:49.953,2022-09-03 16:07:50.207
std,EmailGroup,2022-08-22 04:43:03.783,2023-06-12 13:15:03.800
std,EmailGroupDetail,2021-10-09 12:36:02.607,2023-06-11 17:03:28.613
std,Heading,2022-08-22 06:39:38.097,2023-01-19 11:27:57.790
std,HeadingSource,2022-07-21 12:41:26.423,2022-07-21 12:41:26.423
std,HeadingType,2022-08-21 13:17:54.953,2022-08-21 13:17:55.913
std,IcqQuarter,2023-10-30 13:59:29.033,2023-10-30 13:59:29.073
std,IcqQuestionBank,2023-10-30 11:42:58.973,2026-04-30 16:16:45.363
std,IcqQuestionBankDetail,2023-11-12 16:45:26.230,2026-04-09 12:06:47.347
std,IcqQuestionBankFile,2026-04-16 17:23:49.340,2026-04-16 17:23:49.340
std,Language,2021-08-22 15:10:24.510,2022-08-22 09:18:42.230
std,MemberType,2025-02-24 15:46:05.093,2025-02-24 15:46:05.093
std,MovementType,2022-08-21 10:20:38.260,2022-08-21 10:20:39.153
std,NotificationEvent,2023-04-18 09:52:49.083,2023-04-18 12:32:26.943
std,NotificationEventDetail,2023-04-18 09:52:54.190,2023-04-18 12:32:30.340
std,NotificationTemplate,2025-09-09 17:57:20.977,2025-09-15 13:52:11.393
std,NotificationTemplate_Backup,2025-10-14 12:57:56.810,2025-10-14 12:57:56.810
std,Observation,2022-08-22 09:18:40.483,2022-08-22 09:18:43.097
std,Observation_TMP,2022-09-13 12:50:46.243,2022-09-13 12:50:46.810
std,ObservationCategory,2022-08-22 06:35:04.657,2026-04-13 16:32:38.887
std,ObservationCharacteristic,2023-11-09 21:11:24.317,2024-11-24 18:24:55.113
std,ObservationCharacteristicDetail,2024-11-24 18:24:53.707,2024-11-24 18:24:55.430
std,ObservationCharacteristicNote,2022-11-28 12:35:30.990,2022-11-28 12:35:30.990
std,ObservationDetail,2021-09-16 18:00:47.853,2024-11-24 18:24:55.587
std,ObservationKeyWord,2025-02-24 15:37:23.910,2025-02-24 15:38:42.250
std,Principal,2023-03-07 16:07:30.670,2023-12-05 16:30:17.057
std,QueryDataDictionary,2022-01-24 17:50:20.133,2025-05-18 17:18:54.150
std,ReportContent,2021-08-22 12:10:24.163,2021-09-19 18:58:27.160
std,ReportContentHeading,2021-09-27 16:55:56.747,2022-08-22 05:37:18.540
std,ReportTemplate,2021-08-22 12:10:24.170,2021-09-19 18:59:16.237
std,ReportType,2022-08-22 06:00:55.367,2024-05-11 17:26:55.137
std,RiskCriteria,2022-08-30 20:53:12.940,2022-08-30 21:18:26.707
std,RiskCriteriaCategory,2021-09-23 13:09:34.530,2022-08-30 20:53:08.737
std,RiskType,2023-11-19 12:25:01.250,2026-08-06 15:52:48.883
std,SchedulerMatrix,2025-09-14 15:32:57.563,2025-09-14 15:32:57.563
std,StructureCategory,2021-10-11 11:17:53.010,2022-08-22 05:50:53.613
std,StructureElement,2021-09-05 10:13:42.137,2022-08-22 05:50:52.673
std,StructureType,2022-08-22 05:50:50.220,2022-08-22 05:50:53.480
std,SystemNotification,2025-09-09 18:12:15.083,2025-10-29 15:07:40.943
std,Zone,2022-08-22 05:41:59.587,2026-01-11 12:04:20.867
toa,LineManager,2023-04-30 18:59:50.790,2023-09-26 13:34:20.987
toa,LineManagerBak,2024-09-22 16:35:12.360,2024-09-22 16:35:12.360
toa,WorkflowLineManager,2022-07-21 13:38:16.707,2022-07-21 13:38:16.707
wkf,DesignationStep,2022-07-21 11:43:43.350,2022-07-21 11:43:43.350
wkf,WorkflowItem,2021-08-22 12:10:45.437,2022-08-22 05:39:11.127
wkf,WorkFlowLevel,2022-07-21 11:45:14.567,2022-07-21 11:45:14.567
wkf,WorkflowOperation,2022-08-22 05:39:10.157,2022-08-22 05:39:11.127
wkf,WorkflowProcess,2021-08-22 12:10:45.440,2022-08-21 13:50:35.313
wkf,WorkflowProcessDetail,2022-07-21 12:00:30.880,2022-07-21 12:00:30.880
wkf,WorkflowProcessDetail_bak,2024-05-22 07:07:40.807,2024-05-22 07:07:40.807
wkf,WorkflowProcessHistory,2022-09-21 11:19:44.157,2022-09-28 14:47:46.707
