SchemaName,ViewName,create_date,modify_date,IsSchemaBound
----------,--------,-----------,-----------,-------------
aap,AAPOtherAssuranceReportView,2023-09-25 16:27:12.907,2023-09-26 14:36:14.860,0
aap,AAPOtherAssuranceSummaryReportView,2023-09-20 15:33:21.310,2023-09-27 14:51:26.273,0
aap,AnnualAuditPlanApproveView,2022-09-21 11:40:19.327,2026-07-28 15:33:55.867,0
aap,AnnualAuditPlanCommentView,2023-08-07 15:30:53.363,2023-08-30 09:46:10.720,0
aap,AnnualAuditPlanGroupView,2022-09-29 16:12:27.553,2022-09-29 16:12:27.553,0
aap,AnnualAuditPlanReportView,2022-02-17 11:28:49.210,2022-04-03 13:29:02.397,0
aap,AnnualAuditPlanSummaryReportView,2022-09-26 16:27:50.743,2022-09-27 17:49:39.643,0
aap,AnnualAuditPlanView,2022-01-18 10:40:39.683,2026-07-26 15:56:36.823,0
aap,AnnualAuditTargetRiskBaseView,2022-01-20 17:00:55.080,2023-12-17 14:38:26.903,0
aap,AnnualAuditTargetViewNonRiskBaseView,2022-01-20 17:19:56.703,2023-12-17 14:36:03.840,0
aap,AnnualAuditTimeAllocationNonRiskBasedRevisedView,2023-06-19 14:14:22.377,2023-08-23 18:05:00.407,0
aap,AnnualAuditTimeAllocationNonRiskBasedView,2022-01-20 10:25:33.230,2023-12-17 14:21:28.733,0
aap,AnnualAuditTimeAllocationRiskBasedRevisedView,2023-06-19 14:06:28.550,2023-08-23 18:10:06.987,0
aap,AnnualAuditTimeAllocationRiskBasedView,2022-01-19 14:13:01.033,2023-12-17 14:43:06.997,0
aap,AnnualYearWiseProgrammeGroupView,2022-01-10 10:50:08.750,2022-01-10 15:47:40.250,0
aap,AuditPlanManagerView,2023-05-29 16:46:05.087,2023-05-29 16:46:11.470,0
aap,AuditResourceAllocationNonRiskBaseView,2021-11-07 15:28:17.567,2021-11-07 15:30:35.087,0
aap,AuditResourceAllocationRiskBaseView,2021-11-07 15:31:18.843,2021-11-07 15:31:18.843,0
aap,AuditTimeAllocationNonRiskBasedView,2021-12-08 18:49:38.160,2022-01-06 17:59:43.403,0
aap,AuditTimeAllocationRiskBasedView,2021-12-08 14:11:03.217,2023-07-25 13:08:58.990,0
aap,NonRiskBaseAuditTargetView,2021-11-01 03:03:15.080,2022-01-06 18:01:49.610,0
aap,NonRiskBaseAuditTimeAllocationView,2021-10-25 16:39:16.770,2021-10-31 04:38:57.630,0
aap,ProgramMapping,2021-10-26 15:19:49.877,2021-10-26 15:34:35.393,0
aap,ProjectAuditTimeAllocationView,2021-10-18 18:06:24.883,2021-10-21 14:57:30.313,0
aap,RevisedAnnualAuditPlanCapacityView,2023-06-01 17:20:52.270,2023-06-04 18:41:24.253,0
aap,RiskBaseAuditTargetView,2021-11-01 02:37:53.827,2022-01-06 17:27:02.360,0
aap,RiskBaseAuditTimeAllocationView,2021-10-25 16:06:58.990,2021-11-10 17:39:21.410,0
aap,RiskBaseAuditTimeAllocationViewTest,2021-11-01 15:13:42.817,2021-11-01 15:13:42.817,0
aap,RoleWiseAuditPlanUserView,2023-05-18 11:09:12.223,2026-08-10 12:49:42.323,0
adc,ActionPlanFollowUpAuditorView,2024-11-24 18:24:35.023,2025-08-07 13:58:03.410,0
adc,ActionPlanFollowUpClientView,2024-11-24 18:24:35.500,2025-11-18 16:40:32.160,0
adc,ActionPlanFollowUpCommentTypeView,2024-11-24 18:24:44.273,2024-11-24 18:24:44.273,0
adc,ActionPlanFollowUpDetailClientView,2024-11-24 18:28:58.050,2025-11-18 16:40:32.620,0
adc,ActionPlanFollowUpDetailCommentView,2024-11-24 18:24:29.827,2024-11-24 18:35:15.187,0
adc,ActionPlanFollowUpDetailDocView,2024-11-24 18:24:30.420,2024-11-24 18:24:40.063,0
adc,ActionPlanFollowUpDetailEditView,2024-11-24 18:24:50.537,2024-11-24 18:24:50.537,0
adc,ActionPlanFollowUpDetailLogView,2024-11-24 18:24:49.240,2024-11-24 18:32:43.703,0
adc,ActionPlanFollowUpDetailOwnerView,2024-11-24 18:24:32.530,2024-11-24 18:35:14.587,0
adc,ActionPlanFollowUpDetailView,2024-11-24 18:24:31.893,2025-11-18 16:40:32.957,0
adc,ActionPlanFollowUpListForObservationView,2024-11-24 18:29:00.023,2025-11-18 16:40:33.383,0
adc,ActionPlanFollowUpObservationOwnerView,2024-11-24 18:30:31.830,2025-11-18 16:40:33.780,0
adc,ActionPlanFollowUpObservationWiseClientStatusView,2024-11-24 18:31:45.873,2024-11-24 18:36:23.523,0
adc,ActionPlanFollowUpObservationWiseStatusView,2024-11-24 18:28:56.990,2024-11-24 18:31:52.400,0
adc,ActionPlanFollowUpOwnerWiseStatusView,2024-11-24 18:28:56.660,2024-11-24 18:31:52.910,0
adc,ActionPlanFollowUpReviewCommentCountView,2024-11-24 18:31:09.977,2025-04-28 18:24:52.067,0
adc,ActionPlanFollowUpStatusCommentCountView,2024-11-24 18:31:10.270,2025-04-28 18:24:55.750,0
adc,ActionPlanFollowUpView,2024-11-24 18:24:31.067,2024-11-24 18:24:31.067,0
adc,ActionPlanObservationPreview,2023-12-12 15:15:53.093,2025-11-18 16:40:34.100,0
adc,ActionPlanObservationReportWritingPrintView,2023-12-21 13:40:11.910,2024-11-24 18:31:08.323,0
adc,ActionPlanObservationView,2025-12-03 13:12:05.287,2025-12-03 13:12:05.287,0
adc,AprAuditPerformanceRatingSetupView,2024-05-09 17:03:51.643,2024-05-21 17:56:17.483,0
adc,APRDetailsView,2024-05-11 18:08:29.340,2026-06-25 13:27:20.560,0
adc,AprFinalScoreView,2024-05-11 19:13:29.253,2025-05-25 13:06:50.573,0
adc,AprInitialAuditScoreView,2024-05-09 16:26:19.153,2024-05-09 16:26:19.153,0
adc,AprLikelihoodMappingAuditTypeView,2024-05-09 17:24:19.740,2024-05-09 17:24:19.740,0
adc,AprLikelihoodMappingDetailView,2024-05-11 18:38:23.923,2024-05-11 18:38:23.923,0
adc,AprLikelihoodMappingLikelihoodView,2024-05-09 17:24:19.410,2024-05-09 17:54:46.733,0
adc,AprLikelihoodMappingProjectView,2024-05-09 17:24:19.080,2024-05-09 17:24:19.080,0
adc,AprLikelihoodMappingReportTypeView,2024-05-09 17:24:18.773,2024-05-09 17:24:18.773,0
adc,AprLikelihoodMappingView,2024-05-09 17:24:18.447,2025-05-18 17:35:57.450,0
adc,AprLikelihoodMatrixView,2024-05-09 16:52:53.517,2024-05-11 18:54:22.507,0
adc,APRLikelihoodReportView,2024-05-11 18:47:04.727,2024-05-11 18:47:04.727,0
adc,APRLikelihoodResultMatrixView,2024-05-11 18:45:55.217,2024-05-11 18:45:55.217,0
adc,AprLikelihoodView,2024-05-09 16:26:18.827,2024-05-11 17:41:13.447,0
adc,AprLikelyhoodMatrixView,2024-05-09 16:26:19.387,2024-05-09 16:26:19.387,0
adc,AprReportHeadingView,2022-12-01 11:42:36.130,2022-12-01 11:42:36.130,0
adc,AprReportWritingObservationView,2022-11-29 12:40:43.513,2022-11-29 13:11:20.573,0
adc,AprScoreOtherConsiderationView,2024-05-09 16:52:53.620,2024-05-09 17:09:16.363,0
adc,AprSeverityControlFailureView,2024-05-09 16:26:18.947,2024-05-09 17:09:15.590,0
adc,APRSummaryInitialAuditScoreView,2024-05-11 19:13:28.317,2024-05-11 19:13:28.317,0
adc,AprSummaryOtherConsiderationView,2024-05-11 18:53:23.350,2024-05-11 19:13:28.787,0
adc,APRSummaryView,2024-05-11 18:53:23.147,2024-05-11 18:53:23.147,0
adc,AudConObsAccusedPersonView,2022-08-16 11:46:22.137,2025-02-24 15:01:13.300,0
adc,AudConObsDonorView,2022-12-19 12:55:43.400,2022-12-19 13:41:41.100,0
adc,AudConObservationKeyWordView,2025-02-24 14:58:09.670,2025-03-10 11:19:43.493,0
adc,AuditCondObservationDetailCommentCountView,2025-04-21 20:05:25.083,2025-04-21 20:05:53.027,0
adc,AuditCondObservationDetailCommentView,2025-02-24 14:58:20.093,2025-11-27 13:09:29.707,0
adc,AuditCondObservationDetailView,2023-10-09 16:29:09.497,2026-07-13 15:46:40.007,0
adc,AuditConductionApproveView,2024-05-08 16:09:31.823,2026-05-18 15:18:09.760,0
adc,AuditConductionAuditorAssaignView,2022-07-21 11:45:39.840,2022-07-21 12:03:51.773,0
adc,AuditConductionBranchManagerView,2022-11-02 17:10:43.800,2026-01-25 18:18:15.057,0
adc,AuditConductionCommentView,2023-10-17 20:57:14.017,2024-05-11 19:00:47.767,0
adc,AuditConductionComponentPermissionView,2025-04-21 20:15:01.150,2025-10-23 15:10:37.237,0
adc,AuditConductionControlAssertionView,2022-07-21 11:23:42.683,2022-07-21 11:23:42.683,0
adc,AuditConductionControlDetailView,2022-07-21 11:23:37.883,2023-11-27 13:16:52.010,0
adc,AuditConductionControlView,2022-07-21 11:23:32.957,2026-06-17 11:01:07.120,0
adc,AuditConductionDesignAssesmentDetailView,2022-07-21 11:40:40.983,2023-11-26 17:50:21.507,0
adc,AuditConductionDesignAssesmentView,2022-07-21 11:41:05.390,2026-06-17 10:59:25.373,0
adc,AuditConductionDiagramView,2023-11-29 12:01:22.750,2024-11-24 18:18:53.040,0
adc,AuditConductionDocumentRequisitionView,2025-02-24 14:56:02.673,2025-02-24 14:56:02.673,0
adc,AuditConductionDocumentShortView,2025-02-24 15:00:17.890,2025-02-24 15:00:17.890,0
adc,AuditConductionDocumentTypeView,2022-08-21 10:32:49.300,2022-08-21 10:35:09.560,0
adc,AuditConductionDocumentView,2022-08-21 10:37:26.060,2025-02-24 15:00:17.620,0
adc,AuditConductionInfoView,2022-07-21 11:06:04.500,2026-07-13 15:46:01.753,0
adc,AuditConductionMeetingDecisionMemberView,2023-10-11 20:08:06.227,2023-10-15 12:03:10.470,0
adc,AuditConductionMeetingDecisionView,2022-07-21 13:42:59.570,2025-11-10 14:11:12.937,0
adc,AuditConductionMeetingDetailView,2022-08-16 11:39:00.227,2023-11-26 17:53:43.367,0
adc,AuditConductionMeetingExpectationView,2022-07-21 13:43:10.293,2023-01-16 10:55:14.777,0
adc,AuditConductionMeetingFocusAreaView,2022-07-21 13:43:19.877,2023-01-16 10:55:09.410,0
adc,AuditConductionMeetingMemberActionOwner,2024-05-20 11:03:49.517,2024-05-20 11:06:22.327,0
adc,AuditConductionMeetingMemberNonActionOwner,2024-05-20 11:03:49.780,2024-05-20 11:06:22.570,0
adc,AuditConductionMeetingView,2022-07-21 13:26:01.423,2023-11-26 14:37:58.830,0
adc,AuditConductionMovementView,2022-07-21 11:29:34.600,2022-08-28 16:12:38.363,0
adc,AuditConductionObservationCommentView,2022-07-21 14:30:42.547,2025-11-27 17:03:38.290,0
adc,AuditConductionObservationControlView,2022-07-21 14:34:41.950,2022-07-21 14:38:10.900,0
adc,AuditConductionObservationDesignAssesmentView,2022-07-21 14:34:37.060,2022-07-21 14:38:06.267,0
adc,AuditConductionObservationRecommendView,2022-07-21 14:30:47.603,2025-11-18 16:40:34.423,0
adc,AuditConductionObservationSubstantiveView,2022-07-21 14:34:46.493,2022-07-21 14:38:14.937,0
adc,AuditConductionObservationSummaryForActionPlanView,2023-11-29 17:33:53.370,2025-11-18 16:40:34.757,0
adc,AuditConductionObservationSummaryView,2023-11-11 16:47:32.540,2026-07-09 11:50:32.137,0
adc,AuditConductionObservationView,2022-07-21 12:45:12.177,2025-11-25 13:46:05.190,0
adc,AuditConductionPDControlReportView,2024-05-08 16:58:14.207,2026-06-25 12:23:05.610,0
adc,AuditConductionPDDesignAssesmentReportView,2024-05-08 16:46:44.450,2026-06-25 12:23:01.293,0
adc,AuditConductionPDSubstantiveTestReportView,2024-05-08 16:58:14.577,2026-06-25 12:23:08.900,0
adc,AuditConductionPlanningDocumentRequisitionView,2022-07-21 11:46:53.143,2025-03-10 11:25:27.767,0
adc,AuditConductionPlanningDocumentView,2022-07-21 11:26:09.120,2022-11-09 12:48:33.883,0
adc,AuditConductionPlanningProcessView,2022-07-21 11:26:14.647,2022-07-21 12:02:14.390,0
adc,AuditConductionPlanningSubProcessView,2022-07-21 11:26:20.190,2024-11-24 17:54:40.830,0
adc,AuditConductionProcessSummaryView,2023-10-17 19:19:05.190,2025-11-18 16:40:35.787,0
adc,AuditConductionProcessView,2022-07-21 11:22:01.937,2024-05-11 16:57:22.930,0
adc,AuditConductionProjectListView,2022-08-21 07:52:34.333,2022-11-28 18:17:26.890,0
adc,AuditConductionReportWritingStatusView,2025-04-21 20:09:12.370,2025-04-21 20:09:54.980,0
adc,AuditConductionScheduleMovement,2022-08-21 10:38:33.213,2023-11-04 16:49:51.710,0
adc,AuditConductionStartMovementView,2022-08-21 14:48:27.820,2022-08-28 17:12:22.807,0
adc,AuditConductionStepView,2022-07-21 14:34:02.107,2022-07-21 14:34:02.107,0
adc,AuditConductionSubstantiveAssertionView,2022-07-21 11:43:19.787,2022-07-21 11:43:19.787,0
adc,AuditConductionSubstantiveDetailView,2022-07-21 11:43:14.643,2023-11-26 17:50:23.883,0
adc,AuditConductionSubstantiveView,2022-07-21 11:43:09.553,2026-06-17 11:01:10.493,0
adc,AuditConductionView,2025-10-16 16:03:04.333,2025-10-19 11:17:54.170,0
adc,AuditLifeCycleMatrixView,2024-05-08 16:16:12.173,2024-05-08 16:21:40.050,0
adc,AuditorTaskAssaignView,2022-07-21 11:47:39.160,2022-07-21 11:47:39.160,0
adc,AuditPerformanceMatrixView,2024-05-09 19:13:36.977,2025-02-24 15:50:44.063,0
adc,AuditPerformanceRatingGradeView,2024-05-09 18:24:36.300,2024-05-11 18:47:53.127,0
adc,AuditPlanScheduleConductionStatusView,2025-02-24 14:59:10.800,2025-11-02 08:34:21.977,0
adc,BranchProjectRefView,2025-02-24 15:47:24.723,2025-02-24 15:50:19.350,0
adc,ConductionPlanningDocumentView,2022-11-09 12:49:27.160,2022-11-09 12:50:30.060,0
adc,ConductionPlanningProcessView,2022-10-15 13:45:11.313,2022-10-15 13:45:11.313,0
adc,ConductionPlanningSubProcessView,2022-10-20 12:52:42.520,2025-02-06 12:56:09.733,0
adc,ConductionProcessAuditorView,2022-11-10 11:50:45.603,2022-11-10 11:50:45.603,0
adc,DispatchMatrixAuditTypeView,2025-05-18 17:37:04.387,2025-05-18 17:37:04.387,0
adc,DispatchMatrixDesignationStepView,2025-05-19 10:24:47.613,2025-05-19 15:14:52.797,0
adc,DispatchMatrixDispatcherListView,2025-05-18 17:39:00.807,2025-07-20 13:55:52.183,0
adc,DispatchMatrixDispatcherView,2025-05-18 17:22:36.413,2025-05-19 18:39:26.680,0
adc,DispatchMatrixMapView,2025-05-19 12:07:03.317,2026-05-19 20:09:09.710,0
adc,DispatchMatrixProjectView,2025-05-18 17:37:04.640,2025-05-18 17:37:04.640,0
adc,DispatchMatrixReportTypeView,2025-05-18 17:37:04.870,2025-05-18 17:37:04.870,0
adc,DispatchMatrixRiskTypeView,2025-05-18 17:37:05.107,2025-05-18 17:37:05.107,0
adc,DispatchMatrixUserLevelListView,2025-05-18 17:39:01.047,2025-05-19 10:24:47.480,0
adc,DispatchMatrixUserLevelView,2025-05-18 17:22:03.547,2025-05-19 10:24:46.933,0
adc,DispatchMatrixView,2025-05-18 17:15:22.800,2026-01-29 12:09:37.817,0
adc,DispatchMatrixWorkFlowLevelView,2025-05-19 10:24:47.740,2025-07-08 11:21:39.877,0
adc,DssReportView,2025-10-20 14:35:25.247,2025-12-18 17:30:12.807,0
adc,EntranceMeetingDecisionView,2022-07-21 12:01:48.983,2022-07-21 12:01:48.983,0
adc,ExpectedAuditConductionInformantionView,2022-11-28 16:59:00.343,2022-12-06 13:12:43.760,0
adc,MeetingMemberActionPlanEmailView,2023-12-14 14:38:52.103,2025-07-27 14:15:03.757,0
adc,MeetingMemberActionPlanInitiationView,2024-05-31 18:48:53.220,2025-08-06 12:29:05.183,0
adc,MeetingMemberDocRequisitionView,2025-02-24 14:57:33.847,2025-02-24 14:57:33.847,0
adc,MeetingMemberEmailView,2022-11-07 17:44:53.790,2023-11-07 19:09:35.580,0
adc,MeetingMinutesAuditInfoView,2025-02-24 14:58:10.930,2025-03-10 11:27:28.697,0
adc,MeetingMinutesMeetingAreaView,2025-02-24 14:58:12.297,2025-02-24 14:58:12.297,0
adc,MeetingMinutesMeetingDecisionView,2025-02-24 14:58:11.843,2025-08-08 19:39:13.790,0
adc,MeetingMinutesMeetingExpectationView,2025-02-24 14:58:12.607,2025-02-24 14:58:12.607,0
adc,MeetingMinutesMeetingMemberView,2025-02-24 14:58:11.330,2025-03-10 11:27:29.210,0
adc,ObservationAnnexureView,2022-08-16 11:52:59.840,2025-11-18 16:40:36.123,0
adc,ObservationReportView,2023-10-25 12:02:53.063,2026-07-13 18:19:21.377,0
adc,ObservationSamplingProcessView,2023-10-18 19:29:05.447,2026-07-13 15:14:34.803,0
adc,ObservationWiseFollowUpClientStatusView,2024-11-24 18:31:46.013,2024-11-24 18:31:46.013,0
adc,ObservationWiseFollowUpStatusView,2024-11-24 18:30:26.673,2024-11-24 18:31:09.430,0
adc,OverallBranchRatingView,2025-05-25 13:25:55.053,2025-05-25 16:20:32.317,0
adc,PlanningDocumentApprovalView,2022-11-01 12:30:30.020,2026-01-19 17:06:46.690,0
adc,PlanningDocumentApprovalView_Dev,2023-11-29 10:21:12.577,2023-11-29 12:58:39.970,0
adc,PlanningDocumentCommentView,2022-07-21 11:47:18.360,2022-08-16 08:39:19.113,0
adc,PlanningDocumentReqSlotDetailFileView,2023-10-24 18:26:29.560,2025-02-27 11:46:45.710,0
adc,PlanningDocumentRequisitionClientView,2025-02-24 14:57:34.420,2025-02-24 14:59:44.877,0
adc,PlanningProcessAuditorView,2022-07-21 12:02:01.690,2022-08-21 12:10:46.233,0
adc,ProcessView,2022-07-21 11:21:45.957,2022-07-21 11:21:45.957,0
adc,RealTimeComplianceMonitorView,2025-02-24 15:00:18.740,2026-05-24 13:03:58.937,0
adc,ReportDispatchView,2024-05-09 15:58:15.190,2026-03-29 10:09:04.447,0
adc,ReportWritingActionObservationWiseStatusCheckView,2023-12-17 15:25:24.220,2024-05-20 11:00:12.863,0
adc,ReportWritingActionOwnerWiseStatusCheckView,2023-12-10 12:59:14.467,2025-10-12 18:03:40.687,0
adc,ReportWritingActionPlanDetailView,2022-11-07 12:15:57.787,2023-12-09 18:09:08.940,0
adc,ReportWritingActionPlanFinalStatusCheckView,2023-12-10 13:21:23.300,2025-10-12 18:03:41.463,0
adc,ReportWritingActionPlanHistoryView,2024-05-08 15:03:19.280,2025-11-18 16:40:36.863,0
adc,ReportWritingActionPlanView,2022-11-07 10:24:36.477,2022-11-07 12:10:06.583,0
adc,ReportWritingAnnexureView,2022-08-21 10:42:29.340,2025-11-18 16:40:37.240,0
adc,ReportWritingApproveView,2022-10-24 16:08:45.977,2023-11-15 14:47:36.600,0
adc,ReportWritingAPRView,2022-08-16 11:41:22.800,2022-08-21 12:19:30.047,0
adc,ReportWritingAuditInformationView,2023-10-10 13:11:50.297,2023-11-15 17:24:47.213,0
adc,ReportWritingAuditInformationView_touhid,2023-11-15 22:25:27.003,2023-11-16 19:21:35.187,0
adc,ReportWritingBasicInfomationView,2022-08-16 11:39:44.697,2022-08-16 11:39:44.697,0
adc,ReportWritingBasicInformationView,2022-12-11 17:39:27.867,2023-09-11 18:05:36.303,0
adc,ReportWritingCommentSummaryView,2022-10-30 17:57:17.937,2025-04-21 20:10:50.890,0
adc,ReportWritingCommentView,2022-10-23 12:20:03.920,2025-11-27 13:09:23.023,0
adc,ReportWritingComplianceExternalDocView,2023-11-04 16:50:33.263,2024-11-24 18:19:10.167,0
adc,ReportWritingComplianceExternalObsView,2023-11-04 16:49:51.663,2025-11-18 16:40:37.990,0
adc,ReportWritingComplianceExternalView,2023-10-31 18:12:44.977,2025-11-18 16:40:29.963,0
adc,ReportWritingComplianceICQCommentView,2026-02-14 13:10:39.657,2026-02-14 13:10:39.657,0
adc,ReportWritingComplianceIcqDesignationView,2023-11-02 16:27:02.077,2023-11-02 16:27:02.077,0
adc,ReportWritingComplianceICQFileView,2023-12-02 17:16:57.017,2026-02-09 13:21:02.340,0
adc,ReportWritingComplianceICQFinalStatusView,2026-02-22 13:34:21.490,2026-05-24 13:03:39.173,0
adc,ReportWritingComplianceIcqObservationView,2025-02-24 15:01:13.820,2025-11-18 16:40:38.380,0
adc,ReportWritingComplianceIcqQuarterView,2023-11-02 16:27:02.067,2023-11-02 16:27:02.067,0
adc,ReportWritingComplianceICQView,2023-11-02 16:27:02.123,2026-05-20 16:42:00.283,0
adc,ReportWritingComplianceIcqYearView,2023-11-02 16:27:02.057,2023-11-02 16:27:02.057,0
adc,ReportWritingComplianceInternalDocView,2024-05-08 14:55:07.260,2024-11-24 18:19:08.010,0
adc,ReportWritingComplianceInternalObservationView,2023-11-04 11:19:15.647,2025-11-18 16:40:38.773,0
adc,ReportWritingComplianceInternalView,2022-08-21 11:18:28.117,2025-11-18 16:40:39.120,0
adc,ReportWritingComplianceStatusView,2023-11-02 16:27:02.097,2023-11-02 16:27:02.097,0
adc,ReportWritingComplianceTextView,2023-11-01 11:23:37.207,2025-05-18 17:09:07.150,0
adc,ReportWritingComponentPermissionView,2025-04-21 20:15:22.007,2025-10-23 15:10:46.090,0
adc,ReportWritingConplianceStatusView,2022-08-16 11:54:30.280,2022-08-16 11:54:30.280,0
adc,ReportWritingDispatchView,2022-11-02 11:23:51.530,2022-11-02 12:32:44.120,0
adc,ReportWritingDocumentTypeView,2022-11-09 12:26:30.737,2022-11-09 12:26:30.737,0
adc,ReportWritingDocumentView,2022-11-09 12:26:31.047,2024-11-24 18:11:30.240,0
adc,ReportWritingEngagementBackgroundView,2022-08-16 11:19:45.177,2022-08-16 11:19:45.177,0
adc,ReportWritingExecutiveSummaryView,2022-08-16 11:20:14.920,2022-08-16 11:20:14.920,0
adc,ReportWritingFinancialInformationView,2022-08-16 11:20:28.920,2022-08-16 11:20:28.920,0
adc,ReportWritingForwardingLetterCreateView,2023-09-12 01:31:50.297,2023-09-12 01:31:50.297,0
adc,ReportWritingForwardingLetterEmailAddressView,2022-12-20 15:05:37.647,2023-11-16 17:08:17.457,0
adc,ReportWritingForwardingLetterMasterView,2023-10-17 03:49:23.320,2023-10-17 03:49:23.320,0
adc,ReportWritingForwardingLetterReportView,2023-11-22 16:21:39.510,2024-05-09 19:06:34.513,0
adc,ReportWritingForwardingLetterRowColumnView,2022-08-16 11:36:37.380,2022-08-16 11:44:19.070,0
adc,ReportWritingForwardingLetterRowView,2022-08-16 11:36:23.813,2022-08-16 11:36:23.813,0
adc,ReportWritingForwardingLetterShortView,2023-10-17 05:18:40.357,2024-05-09 09:17:56.887,0
adc,ReportWritingForwardingLetterTemplateView,2022-08-16 11:29:57.003,2026-07-09 19:05:27.933,0
adc,ReportWritingForwardingLetterView,2022-08-16 11:36:11.003,2026-07-13 15:39:58.490,0
adc,ReportWritingGenerateReportView,2022-11-16 10:37:22.373,2022-11-16 17:46:09.120,0
adc,ReportWritingIADCreateView,2023-11-19 16:27:25.217,2025-02-24 15:50:18.030,0
adc,ReportWritingIADEditView,2024-05-09 16:21:24.570,2025-02-24 15:50:18.223,0
adc,ReportWritingIADView,2022-08-16 11:37:11.823,2025-07-17 17:57:18.413,0
adc,ReportWritingIcqCategoryView,2022-08-16 11:42:02.667,2022-08-16 11:42:02.667,0
adc,ReportWritingIcqParticularView,2022-08-16 11:19:18.850,2022-08-16 11:19:18.850,0
adc,ReportWritingIcqQuestionBankView,2023-11-02 16:27:02.107,2026-05-20 16:47:14.967,0
adc,ReportWritingMisSectionDetailShortView,2023-10-16 21:00:34.093,2024-05-09 17:03:58.607,0
adc,ReportWritingMisSectionDetailView,2023-10-16 21:00:34.080,2024-05-09 17:03:01.043,0
adc,ReportWritingMisSectionView,2024-05-09 16:21:34.473,2024-05-09 16:21:39.793,0
adc,ReportWritingModelView,2022-12-04 14:22:47.390,2022-12-04 14:23:42.843,0
adc,ReportWritingObservationCharacteristicView,2022-11-28 12:35:35.053,2023-11-20 17:29:29.370,0
adc,ReportWritingObservationCommentView,2025-10-30 14:25:49.910,2025-11-27 15:05:10.587,0
adc,ReportWritingObservationDetailView,2023-11-01 15:03:49.997,2025-11-18 16:40:39.460,0
adc,ReportWritingPageIndexSectionWiseTemplateView,2022-09-27 18:51:45.690,2022-09-28 11:51:44.283,0
adc,ReportWritingPageIndexTemplateView,2022-09-26 12:40:28.167,2022-09-27 17:49:57.997,0
adc,ReportWritingPageIndexView,2022-08-23 07:19:34.963,2022-09-26 15:10:26.503,0
adc,ReportWritingPdfExportView,2022-10-26 16:59:19.140,2022-11-15 17:54:06.950,0
adc,ReportWritingPermSettingAuditTypeView,2026-07-28 15:26:01.703,2026-08-12 12:42:14.560,0
adc,ReportWritingPermSettingMapView,2026-08-12 16:19:08.660,2026-08-12 16:19:08.660,0
adc,ReportWritingPermSettingProgrammeGroupView,2026-08-11 14:04:53.150,2026-08-12 12:24:10.787,0
adc,ReportWritingPermSettingReportTypeView,2026-07-28 15:26:13.953,2026-08-12 12:54:11.537,0
adc,ReportWritingPermSettingView,2026-08-11 14:00:23.540,2026-08-11 14:00:23.540,0
adc,ReportWritingReportAuditCondView,2024-05-09 16:25:13.373,2024-05-09 17:52:11.000,0
adc,ReportWritingReportCategoryView,2022-08-16 08:25:27.810,2022-08-16 11:27:05.743,0
adc,ReportWritingReportDocView,2024-05-08 15:00:41.407,2025-05-27 16:05:01.803,0
adc,ReportWritingReportGenerateDocView,2026-01-14 16:25:07.990,2026-01-14 16:25:07.990,0
adc,ReportWritingReportHistoryView,2024-05-08 15:03:12.010,2024-11-24 17:58:36.160,0
adc,ReportWritingReportListView,2024-05-09 17:19:13.223,2026-04-23 11:39:24.640,0
adc,ReportWritingReportSignatureView,2022-08-16 11:35:03.260,2024-05-09 19:05:01.243,0
adc,ReportWritingReportTypeView,2023-10-15 17:16:03.817,2023-10-15 17:16:06.453,0
adc,ReportWritingReportVersionDocView,2024-05-08 16:16:11.750,2025-05-04 19:34:19.713,0
adc,ReportWritingReportView,2025-08-18 14:41:56.680,2026-01-15 16:31:14.333,0
adc,ReportWritingUnlockRequestView,2026-03-03 16:48:55.587,2026-03-16 13:16:47.960,0
adc,RptActionPlanFollowUpAuditorView,2024-11-24 18:30:24.300,2025-08-07 13:58:06.287,0
adc,RptActionPlanFollowUpClientView,2024-11-24 18:30:24.593,2025-08-07 14:16:01.807,0
adc,RptActionPlanFollowUpDetailClientView,2024-11-24 18:30:26.163,2025-11-18 16:40:39.803,0
adc,RptActionPlanFollowUpDetailLogView,2024-11-24 18:35:12.777,2024-11-24 18:35:12.777,0
adc,RptActionPlanFollowUpDetailView,2024-11-24 18:30:25.263,2025-11-18 16:40:40.117,0
adc,RptActionPlanFollowUpView,2025-04-28 18:43:23.763,2025-04-28 18:43:23.763,0
adc,RptAprAuditPerformanceRatingSetupView,2024-05-21 17:52:12.553,2024-05-21 17:54:40.710,0
adc,RptAprLikelihoodMappingView,2024-05-20 18:10:11.017,2025-05-18 17:35:57.617,0
adc,RptAprLikelihoodMatrixView,2024-05-11 17:59:37.320,2024-05-20 18:10:10.583,0
adc,RptAprLikelihoodView,2024-05-11 17:42:35.393,2024-05-20 18:10:10.133,0
adc,RptAprScoreOtherConsiderationView,2024-05-11 17:42:34.977,2024-05-11 17:42:34.977,0
adc,RptAprSeverityControlFailureView,2024-05-11 17:42:34.563,2024-05-11 17:42:34.563,0
adc,RptAuditConductionPlanningDocumentRequisitionView,2023-10-31 17:52:54.180,2025-02-24 14:57:35.303,0
adc,RptDispatchMatrixView,2025-05-18 17:15:30.990,2025-05-20 12:34:39.163,0
adc,RptPDRequisitionView,2023-10-31 16:37:56.133,2025-03-10 11:25:06.070,0
adc,RptReportWritingForwardingLetterTemplateView,2022-08-16 11:49:31.810,2024-05-09 09:17:58.233,0
adc,RptReportWritingIcqCategoryView,2022-08-21 10:51:06.220,2022-08-21 10:51:06.220,0
adc,RptReportWritingIcqParticularView,2022-08-21 10:52:11.300,2022-08-21 10:52:11.300,0
adc,RptReportWritingPermSettingView,2026-08-11 14:07:15.393,2026-08-11 14:07:15.393,0
dbo,AppNotificationView,2024-05-09 18:00:26.140,2024-05-09 18:29:48.460,0
dbo,AssignManagerLineManagerView,2023-05-28 17:11:11.250,2023-05-28 17:39:19.957,0
dbo,AssignManagerView,2021-12-12 10:28:35.667,2026-01-11 18:33:37.093,0
dbo,AuditScheduleEmailDeliveryLogView,2026-06-23 16:39:45.380,2026-06-24 16:32:38.090,0
dbo,BracStaffDesignationView,2023-03-21 16:02:53.520,2023-03-21 16:03:00.763,0
dbo,BracStaffView,2025-02-24 15:00:47.343,2025-02-24 15:00:47.343,0
dbo,CommonCommentView,2024-05-11 18:15:20.120,2026-05-13 18:02:25.260,0
dbo,CoreProgramView,2023-03-20 15:29:14.720,2023-03-20 15:38:22.000,0
dbo,EmailConfigurationView,2022-04-05 11:48:24.650,2022-05-23 11:43:33.883,0
dbo,EmailSmsHistoryView,2022-05-23 11:43:33.780,2023-05-22 16:11:14.250,0
dbo,FinancialUpazilaView,2021-12-19 10:56:19.120,2022-01-30 15:25:20.300,0
dbo,ForwardingLetterTemplateView,2026-07-15 10:58:39.640,2026-07-15 10:58:39.640,0
dbo,ForwardingLetterTypeView,2022-08-16 11:30:47.693,2022-08-16 11:30:47.693,0
dbo,MovementTypeView,2021-12-12 11:10:36.513,2022-08-22 12:51:35.217,0
dbo,NotificationQueueSystemDetailView,2022-11-07 16:36:20.163,2022-11-07 16:36:20.163,0
dbo,NotificationQueueSystemView,2022-11-07 16:34:06.317,2022-11-07 16:34:06.317,0
dbo,NotificationTemplateTagDetailView,2023-05-14 14:43:29.160,2023-05-14 16:02:51.747,0
dbo,ObservationCategoryView,2021-12-14 12:27:06.260,2026-05-12 16:21:49.520,0
dbo,ObservationCharacteristicView,2021-12-14 14:32:04.127,2022-08-22 13:01:59.590,0
dbo,ReportDispatchEmailDeliveryLogView,2026-06-23 15:17:25.487,2026-06-24 16:32:37.657,0
dbo,ReportTypeView,2021-12-13 15:41:18.650,2022-08-22 12:54:14.853,0
dbo,ReportWritingActionPlanEmailLogView,2026-06-23 17:01:52.813,2026-06-24 16:32:38.517,0
dbo,SmsConfigurationView,2022-09-02 11:50:57.727,2022-09-02 11:50:57.727,0
dbo,StaffDesignationView,2022-07-21 14:41:15.147,2022-07-21 14:41:15.147,0
dbo,StaffHierarchy,2024-11-24 18:24:34.663,2024-11-24 18:24:51.387,0
dbo,SyncHistoryView,2022-04-06 16:30:44.897,2023-04-16 12:31:05.937,0
dbo,SystemNotificationView,2025-09-08 18:34:40.580,2025-09-09 18:16:08.510,0
dms,DocumentSourceView,2022-08-21 10:59:06.010,2022-08-21 12:32:30.590,0
dms,DocumentStructureConfigurationView,2024-05-31 18:45:06.947,2025-02-24 15:00:15.783,0
dms,FileStorageHistoryView,2024-06-03 11:34:29.430,2024-11-24 17:58:37.343,0
dms,RptDocumentStructureConfigurationView,2024-05-31 18:45:41.543,2024-05-31 18:48:31.593,0
dti,BranchRiskAnalysisLatestView,2022-10-17 11:51:09.533,2026-07-21 11:32:05.400,0
dti,BranchRiskAnalysisMappingView,2023-04-16 13:51:11.053,2026-03-09 17:07:15.467,0
dti,BranchRiskAnalysisView,2022-10-17 11:48:49.990,2026-07-21 12:39:15.110,0
dti,BranchRiskHistory1View,2022-04-04 15:30:12.953,2023-05-25 17:22:56.747,0
dti,BranchRiskReportView,2022-03-31 14:47:18.800,2022-09-12 16:07:15.913,0
dti,RiskDetailsAnalysisWithCompareView,2023-05-11 11:17:32.623,2023-05-15 17:25:28.550,0
map,ActiveMappingView,2023-09-01 22:14:54.870,2023-09-24 14:42:51.467,0
map,ActiveOrgMappingShortView,2025-02-24 14:47:31.007,2025-02-24 14:47:31.007,0
map,AuditTypeWiseLatestBranchProjectAuditView,2022-05-26 15:34:57.553,2022-05-26 15:34:57.553,0
map,BracAreaDistrictView,2023-07-23 17:33:54.573,2023-07-26 15:53:49.047,0
map,Branchcodename,2023-05-08 15:09:07.350,2023-05-08 15:09:07.350,0
map,BranchProjectAuditView,2022-01-13 17:07:53.487,2025-06-03 12:07:00.860,0
map,BranchProjectDemarcationView,2022-08-03 03:37:12.137,2022-08-16 11:28:48.413,0
map,BranchProjectRiskDetailView,2022-01-19 12:31:29.077,2022-02-03 13:10:22.783,0
map,BranchProjectRiskView,2022-01-19 14:39:24.853,2022-02-03 12:56:42.813,0
map,BranchProjectView,2022-01-25 17:23:39.353,2022-01-30 15:16:50.880,0
map,BranchView,2022-01-03 10:26:03.290,2023-03-29 11:09:18.050,0
map,CountryView,2022-01-02 18:32:42.123,2022-10-23 11:13:32.850,0
map,DefaultCounryOrgAreaView,2023-07-06 17:17:33.487,2023-07-06 17:17:33.487,0
map,DefaultCounryOrgDistrictView,2023-07-06 17:17:20.857,2023-07-06 17:17:20.857,0
map,DefaultCounryOrgDivisionView,2023-07-06 17:17:27.450,2023-07-06 17:17:27.450,0
map,DefaultCounryOrgUpazilaView,2023-07-06 17:17:11.320,2023-07-06 17:17:11.320,0
map,DistrictView,2022-01-02 18:36:31.203,2022-10-23 11:25:49.190,0
map,DivisionView,2022-01-02 18:41:47.810,2022-10-23 11:16:28.927,0
map,LastAuditInfoView,2023-05-17 09:48:49.747,2025-12-01 17:43:00.857,0
map,LastAuditInfoView_Dev,2023-05-25 14:49:08.887,2023-05-25 14:49:08.887,0
map,LastAuditView,2022-08-01 06:46:17.683,2025-07-21 15:42:20.433,0
map,LastBranchProjectAuditView,2022-08-01 06:33:42.873,2022-08-16 11:30:22.667,0
map,LatestBranchProjectRiskView,2022-03-14 11:47:38.967,2026-07-21 12:05:02.107,0
map,OrganizationView,2022-01-05 12:04:21.433,2022-01-30 15:14:26.677,0
map,OrgAreaView,2022-01-04 17:18:49.880,2022-10-23 13:00:02.623,0
map,OrgDistrictView,2022-01-04 10:21:55.663,2022-10-23 12:58:34.237,0
map,OrgDivisionView,2022-01-03 12:13:36.907,2022-10-23 12:57:48.110,0
map,OrgUpazilaView,2022-01-04 15:12:34.680,2022-10-23 12:59:24.603,0
map,ProgrammeGroupView,2022-01-04 13:09:21.940,2022-02-01 18:35:08.080,0
map,ProgrammeMappingHistoryView,2025-05-27 12:06:38.380,2025-05-27 12:06:38.380,0
map,ProgrammeMappingTemplateForBranchProjectMap,2023-04-10 11:10:18.897,2023-05-09 15:04:37.230,0
map,ProgrammeMappingView,2022-01-24 14:37:43.700,2025-06-23 13:40:39.460,0
map,ProgrammeMappingView_DEV,2022-09-01 12:57:00.727,2022-09-12 16:05:26.860,0
map,ProgrammeView,2022-01-05 15:53:23.080,2022-08-22 13:31:15.200,0
map,ProjectView,2022-01-06 11:24:21.503,2025-02-24 15:00:46.157,0
map,RptBranchView,2022-01-26 18:26:38.973,2023-03-06 12:15:54.023,0
map,RptCountryView,2022-01-26 18:32:51.910,2022-02-09 19:00:12.920,0
map,RptDevisionView,2022-02-08 15:59:55.390,2022-02-09 15:13:42.800,0
map,RptDistrictView,2022-01-26 18:34:37.390,2022-02-08 16:03:17.910,0
map,RptDivisionView,2022-01-26 18:33:57.410,2022-02-10 15:38:17.953,0
map,RptOrgAreaView,2022-01-27 11:19:00.457,2022-02-08 17:19:24.213,0
map,RptOrgDistrictView,2022-01-27 11:17:00.040,2022-02-08 17:16:43.747,0
map,RptOrgDivisionView,2022-01-27 11:15:53.847,2022-02-08 17:13:24.727,0
map,RptOrgUpazilaView,2022-01-27 11:18:15.497,2022-02-08 17:10:00.010,0
map,RptProgrammeGroupView,2022-01-27 11:20:48.913,2022-02-08 16:50:46.980,0
map,RptProgrammeMappingView,2022-01-27 11:29:56.450,2026-01-06 19:09:57.117,0
map,RptProgrammeView,2022-01-27 11:21:40.537,2022-09-01 12:52:14.120,0
map,RptProjectView,2022-01-27 11:22:50.600,2025-02-24 15:00:46.750,0
map,RptSubProgrammeView,2022-01-27 11:22:16.903,2022-04-07 10:37:03.733,0
map,RptUpazilaView,2022-01-27 11:07:39.800,2022-02-08 16:07:35.713,0
map,SubProgrammeView,2022-01-05 15:15:34.947,2022-10-19 15:21:51.747,0
map,UpazilaView,2022-01-02 18:25:14.650,2022-10-23 11:17:42.757,0
map,YearWiseLatestBranchProjectRiskView,2022-03-24 16:22:54.447,2026-07-28 15:33:53.890,0
mis,AccusedPersonInformationView,2025-02-24 14:50:25.367,2025-11-18 16:40:40.510,0
mis,AccusedPersonReportView,2022-12-20 18:16:04.020,2025-11-18 16:40:40.900,0
mis,ActionPlanFollowUpReportView,2025-02-24 14:47:27.093,2025-11-18 16:40:41.240,0
mis,AuditConductionWorkingFileView,2025-06-03 15:15:54.273,2025-11-18 16:40:41.633,0
mis,AuditScheduleReportView,2025-02-24 14:48:32.390,2025-02-24 14:55:10.213,0
mis,CategorywisedeviationReportView,2022-12-21 16:29:09.380,2022-12-21 16:29:09.380,0
mis,DetailAuditObservationReportView,2025-02-24 14:47:22.440,2026-07-27 11:57:00.113,0
mis,DispatchInternalAuditView,2025-04-28 17:53:13.583,2025-04-28 17:53:13.583,0
mis,DynamicMISReportHeaderView,2024-05-09 17:16:54.157,2025-02-24 14:47:17.327,0
mis,DynamicMISReportView,2025-02-24 14:47:30.303,2026-05-18 12:51:11.353,0
mis,GradeBaseObservationReportView,2022-12-21 16:32:58.353,2025-11-18 16:40:42.403,0
mis,IndividualPerformanceReportRiskBaseView,2022-12-21 17:45:46.340,2022-12-21 17:45:46.340,0
mis,InternalDispatchAuditTestView,2025-07-09 11:32:52.027,2025-07-09 11:32:52.027,0
mis,InternalDispatchAuditView,2025-06-03 12:03:43.390,2025-11-13 18:09:42.353,0
mis,MISAprAuditPerformanceRatingView,2025-02-24 14:51:01.517,2025-11-18 16:40:42.760,0
mis,MisAprDetailsView,2025-02-24 14:51:01.810,2025-02-24 14:51:01.810,0
mis,MISAprFinalScoreView,2025-02-24 14:51:02.753,2025-02-24 14:51:02.753,0
mis,MISAprLikelihoodView,2025-04-28 17:18:45.477,2025-04-28 17:18:45.477,0
mis,MisAprSummaryInitialAuditScoreView,2025-02-24 14:51:02.103,2025-02-24 14:54:23.480,0
mis,MisAprSummaryOtherConsiderationView,2025-02-24 14:51:02.420,2025-02-24 14:54:22.947,0
mis,MISOtherAssuranceTargetedAchievementForManagerView,2026-08-10 13:16:40.123,2026-08-10 13:20:07.667,0
mis,MISOtherAssuranceTargetedAchievementView,2026-07-29 18:31:07.173,2026-08-12 16:29:54.937,0
mis,MISOtherAssuranceTargetedAchievementView_Test,2026-07-30 14:02:22.593,2026-07-30 14:02:22.593,0
mis,MisReportHeaderDetailView,2025-02-24 14:48:04.030,2025-02-24 14:48:04.030,0
mis,MISRiskBasedTargetedAchievementForManagerView,2026-08-10 12:08:39.447,2026-08-10 12:08:46.243,0
mis,MISRiskBasedTargetedAchievementView,2026-07-27 12:45:54.367,2026-08-12 16:23:34.307,0
mis,MISSpecialAssuranceTargetedAchievementView,2026-08-02 15:29:16.823,2026-08-06 13:50:16.520,0
mis,MovementRegisterReportView,2022-12-21 17:52:33.967,2023-05-11 11:16:05.793,0
mis,MovementRegisterSummaryReportView,2022-12-21 17:58:28.357,2022-12-21 17:58:28.357,0
mis,MovementRegisterView,2025-02-24 14:48:39.430,2026-08-03 13:49:28.543,0
mis,NewAuditObservationReportView,2025-02-24 14:47:25.263,2025-02-24 14:55:57.633,0
mis,NewControlTestView,2025-02-24 14:48:40.503,2025-02-24 14:55:11.160,0
mis,NewDesignAssesmentView,2025-02-24 14:48:41.097,2025-02-24 14:55:10.787,0
mis,NewProcessView,2025-02-24 14:48:38.957,2025-02-24 14:55:11.710,0
mis,NewSubProcessView,2025-02-24 14:48:37.937,2025-02-24 14:55:11.433,0
mis,NewSubstantiveTestProcedureView,2025-02-24 14:48:38.513,2025-02-24 14:55:10.510,0
mis,ObservationGradeBasedReport,2023-10-25 17:56:44.973,2023-10-25 17:56:44.973,0
mis,ObservationReportStakeholderView,2025-02-24 14:47:23.280,2026-07-27 11:57:01.050,0
mis,ObservationSummaryReportView,2022-12-21 16:09:32.857,2022-12-21 16:09:32.857,0
mis,ObservationTrackingReportView,2025-02-24 14:47:26.570,2026-07-27 11:57:01.723,0
mis,OtherAssuranceServicesReportView,2022-12-21 18:01:42.060,2022-12-21 18:01:42.060,0
mis,PendingSpotForAuditMISReportView,2025-02-24 14:48:36.960,2025-12-07 14:57:15.417,0
mis,ProjectWiseRiskCollectionView,2025-02-24 14:48:37.443,2026-03-05 11:05:10.193,0
mis,ReportDispatchRegisterView,2025-02-24 14:47:24.670,2025-11-13 17:34:14.290,0
mis,RiskParameterBasedReportView,2022-12-21 18:13:15.010,2022-12-21 18:13:15.010,0
mis,SummaryReportofIndividualPerformanceView,2023-01-02 16:09:41.483,2023-01-02 16:09:41.483,0
mis,TargetandAchievementReportView,2022-12-21 18:15:59.653,2022-12-21 18:15:59.653,0
mis,TargetedAchievementSummaryReportView,2026-08-02 18:42:48.483,2026-08-16 17:21:40.977,0
pld,AssertionView,2022-05-26 12:16:50.210,2022-05-26 12:16:50.210,0
pld,AudConSubstantiveTestProcedureMapView,2023-09-04 13:26:12.717,2024-05-08 13:29:50.473,0
pld,AuditConductionDesignAssesmentMapView,2023-09-17 14:58:44.537,2024-05-08 13:27:37.907,0
pld,ConductionPlanningProcessView,2022-10-16 11:59:14.353,2022-10-16 11:59:14.353,0
pld,ControlQuestionDetailView,2023-07-24 15:07:40.767,2023-07-24 15:07:40.767,0
pld,ControlQuestionGenerateView,2023-08-06 12:56:19.333,2023-10-09 11:57:24.110,0
pld,ControlQuestionMapView,2023-08-28 18:20:02.413,2023-10-10 12:40:24.420,0
pld,ControlQuestionView,2023-07-24 11:46:11.367,2023-10-09 11:54:22.453,0
pld,DesignAssesmentDetailsView,2022-05-23 11:56:31.097,2022-05-23 11:56:31.097,0
pld,DesignAssesmentMapView,2023-08-22 16:41:08.673,2023-10-10 11:21:50.827,0
pld,DesignAssesmentView,2022-05-23 11:56:15.110,2023-10-08 17:40:17.790,0
pld,FrequencyOfControlView,2022-05-23 11:44:42.890,2022-08-22 14:04:49.833,0
pld,MissingDiagram,2024-07-03 19:17:24.283,2024-07-03 19:17:24.283,0
pld,NatureOfControlView,2022-05-23 11:44:29.080,2022-08-22 14:02:02.130,0
pld,PdControlMapView,2023-09-10 15:04:29.350,2023-10-10 11:55:44.270,0
pld,PdControlQuestionMapView,2023-08-01 18:22:24.440,2023-10-10 11:42:12.607,0
pld,PDControlTestView,2023-10-01 14:06:09.893,2023-10-01 14:06:09.893,0
pld,PdControlView,2023-08-01 18:11:39.917,2023-10-08 17:39:49.717,0
pld,PDDesignAssesmentView,2023-09-26 17:20:46.870,2023-09-27 18:19:29.333,0
pld,PDSubstantiveTestView,2023-10-11 09:37:09.600,2023-10-11 09:37:09.600,0
pld,PerformProcedureView,2022-05-23 11:57:30.150,2022-05-23 11:57:30.150,0
pld,PlanningDiagramView,2023-08-24 19:05:03.170,2024-11-24 18:18:52.710,0
pld,PlanningDocumentView,2022-04-10 11:42:26.500,2023-11-28 08:51:31.163,0
pld,PlanningProcessView,2022-04-10 11:30:41.340,2023-12-31 08:58:25.720,0
pld,PlanningSubProcessView,2022-04-10 11:32:18.767,2023-10-08 17:39:49.730,0
pld,RiskLevelView,2022-05-23 11:55:38.913,2022-05-23 11:55:38.913,0
pld,RptAssertionView,2022-10-06 11:52:27.223,2022-10-13 15:39:23.833,0
pld,RptAudConSubstantiveTestProcedureMapView,2023-09-11 14:55:10.267,2023-10-30 16:54:39.533,0
pld,RptAuditConductionDesignAssesmentMapView,2023-09-17 15:00:27.517,2023-10-10 11:21:23.487,0
pld,RptControlQuestionView,2023-08-01 12:24:42.580,2023-10-09 11:54:22.460,0
pld,RptDesignAssesmentView,2022-07-21 11:25:31.747,2023-10-08 17:40:17.797,0
pld,RptFrequencyOfControlView,2022-07-21 11:25:07.597,2022-07-21 11:25:07.597,0
pld,RptNatureOfControlView,2022-07-21 11:24:56.897,2022-07-21 11:24:56.897,0
pld,RptPdControlQuestionMapView,2023-08-10 15:26:59.957,2023-10-10 11:42:10.200,0
pld,RptPdControlView,2023-08-08 12:17:41.590,2023-10-08 17:39:49.723,0
pld,RptPerformProcedureView,2022-07-21 11:25:27.293,2022-07-21 11:25:27.293,0
pld,RptPlanningDocumentView,2022-07-21 11:24:22.833,2023-12-05 11:58:05.270,0
pld,RptPlanningDocumnetDesignView,2023-09-17 15:59:54.540,2023-09-17 19:32:01.270,0
pld,RptPlanningProcessView,2022-07-21 11:24:34.487,2023-12-21 18:10:00.380,0
pld,RptPlanningSubProcessView,2022-07-21 11:24:39.877,2023-10-08 17:39:49.740,0
pld,RptRiskLevelView,2022-07-21 11:25:13.340,2022-07-21 11:25:13.340,0
pld,RptSubstantiveTestProcedureView,2023-09-11 15:08:14.243,2023-10-08 17:39:49.757,0
pld,SubstantiveTestProcedureMapView,2023-09-04 15:02:11.740,2023-10-10 11:25:45.620,0
pld,SubstantiveTestProcedureView,2022-05-23 11:55:58.910,2023-10-08 17:39:49.747,0
rpt,BranchRiskAnalysisMappingView,2023-04-17 08:57:01.063,2023-04-17 09:17:25.273,0
sch,AuditorInformationView,2022-11-10 15:26:34.837,2022-11-10 15:58:40.507,0
sch,AuditScheduleAuditorsForApproverView,2026-07-27 16:05:33.800,2026-07-27 16:05:33.800,0
sch,AuditScheduleAuditorsForCreatorView,2026-07-27 16:05:29.950,2026-07-27 16:05:29.950,0
sch,AuditScheduleAuditorView,2022-03-03 15:51:51.413,2023-09-25 15:11:28.243,0
sch,AuditScheduleCommentView,2023-09-18 15:55:12.267,2023-09-19 12:33:38.333,0
sch,AuditScheduleCommunicatorReportView,2023-08-17 16:44:50.407,2023-08-17 16:52:55.350,0
sch,AuditScheduleDetailForApproverView,2025-05-18 17:08:03.553,2025-05-18 17:08:03.553,0
sch,AuditScheduleDetailView,2022-03-03 16:14:20.473,2023-09-17 18:50:18.893,0
sch,AuditScheduleLockUnLockHistoryView,2023-08-08 16:58:35.120,2023-08-08 17:03:35.880,0
sch,AuditScheduleProjectPlanView,2026-07-27 16:05:36.370,2026-07-27 16:05:36.370,0
sch,AuditScheduleStatusView,2022-08-21 11:01:10.053,2023-11-08 11:27:48.603,0
sch,AuditScheduleStatusViewReport,2023-09-18 17:51:54.120,2025-02-24 14:57:35.970,0
sch,AuditScheduleView,2022-03-03 15:35:37.810,2023-12-11 15:35:00.487,0
sch,BulkAuditScheduleDetailView,2025-05-18 17:08:21.910,2025-05-18 17:08:21.910,0
sch,ExpectedAuditConductionDateView,2023-10-17 19:07:30.627,2024-09-22 15:51:53.930,0
sch,ExternalAuditScheduleView,2022-08-16 08:41:24.417,2022-10-18 11:41:43.617,0
sch,FirstSupervisorView,2025-02-24 14:50:57.863,2025-02-24 14:50:57.863,0
sch,ForwardingLetterAuditTypeView,2022-07-21 11:16:30.863,2023-09-24 20:01:48.353,0
sch,ForwardingLetterCommentView,2023-09-20 16:47:53.843,2024-11-24 18:24:51.907,0
sch,ForwardingLetterDetailView,2022-07-21 11:27:50.817,2024-11-24 18:11:28.400,0
sch,ForwardingLetterGroupTemplateView,2022-05-17 10:38:33.790,2022-05-17 11:33:25.507,0
sch,ForwardingLetterProgrammeGroupView,2023-08-03 14:44:58.553,2023-08-10 15:41:46.533,0
sch,ForwardingLetterProgrammeView,2023-08-10 16:35:16.227,2023-09-11 10:30:51.237,0
sch,ForwardingLetterReportTypeView,2023-08-10 16:44:31.967,2023-08-10 16:44:31.967,0
sch,ForwardingLetterView,2022-07-23 07:09:04.047,2024-05-20 10:56:48.070,0
sch,LastExternalAuditScheduleView,2022-08-16 11:39:56.427,2022-08-16 11:39:56.427,0
sch,LatestExternalAuditSchedule,2022-10-14 13:13:37.860,2022-10-14 14:41:30.060,0
sch,MonthlyAuditScheduleByProgrammeGroupView,2022-08-21 11:03:04.760,2023-10-01 17:31:04.003,0
sch,MonthlyAuditScheduleView,2022-08-16 08:39:05.930,2023-09-24 19:32:22.430,0
sch,RptExternalAuditScheduleView,2022-08-21 11:05:24.720,2022-08-21 11:05:24.720,0
sch,RptForwardingLetterView,2022-07-23 07:09:04.140,2023-10-10 11:40:56.813,0
sch,RptMISBranchRiskDetailsView,2022-10-17 16:16:18.677,2023-10-22 15:12:43.017,0
sch,SecondSupervisorView,2025-02-24 14:50:58.017,2025-02-24 14:50:58.017,0
sch,ZoneWiseAuditScheduleCommunicatorReportView,2023-08-17 16:35:14.640,2026-01-11 12:33:28.093,0
sec,AppComponentGroupView,2023-04-25 18:18:21.160,2023-04-25 18:18:21.160,0
sec,AppComponentView,2021-12-01 12:09:15.460,2024-05-20 10:50:45.473,0
sec,AppDataEntityAuditLogView,2025-04-28 17:53:06.530,2025-04-28 17:53:06.530,0
sec,AppReportColumnRoleAndPermissionView,2025-05-28 15:41:40.660,2025-06-17 13:13:38.797,0
sec,AppReportColumnUserPermissionView,2025-06-02 12:22:13.143,2026-07-08 12:21:41.487,0
sec,AppReportColumnView,2025-05-27 15:00:45.587,2025-06-17 12:19:19.907,0
sec,AppReportProjectUserPermissionView,2026-07-08 12:23:02.030,2026-07-15 16:45:29.297,0
sec,AppRoleAndPermissionView,2021-12-27 13:10:38.923,2023-04-05 11:18:04.263,0
sec,AppRoleReportColumnPermissionView,2025-05-27 15:05:35.170,2025-06-17 13:12:23.097,0
sec,AppSignInAsInfoView,2025-04-21 20:11:55.583,2025-04-21 20:11:55.583,0
sec,AppUserEditView,2022-04-19 15:04:45.457,2024-11-24 18:32:35.457,0
sec,AppUserPermissionView,2023-07-06 12:49:43.070,2025-06-02 12:21:38.747,0
sec,AppUserReportColumnPermissionPivotView,2025-06-02 19:01:06.690,2025-11-11 19:29:33.877,0
sec,AppUserReportColumnPermissionView,2025-05-27 15:05:39.213,2025-06-17 13:16:22.713,0
sec,AppUserView,2021-12-28 10:55:25.727,2024-11-24 18:32:42.023,0
sec,AspNetRolesView,2021-12-20 12:36:24.913,2022-04-27 12:08:54.000,0
sec,AspNetUserAndRoleView,2022-03-03 14:00:02.193,2023-07-13 15:29:14.277,0
sec,AspNetUsersView,2022-01-02 12:42:27.837,2022-01-02 12:42:27.837,0
sec,BracStaffAndConsultantView,2024-11-24 18:32:39.517,2025-10-12 17:57:57.287,0
sec,ReportColumnRoleAndPermissionMappingView,2025-05-28 17:12:17.320,2025-06-17 13:13:54.230,0
sec,RoleAndPermissionMappingView,2022-01-03 12:47:27.093,2025-06-17 13:12:48.430,0
sec,UserComponentsAndRolesView,2022-04-26 14:54:30.503,2024-05-11 17:54:22.000,0
sec,UserComponentSectionView,2022-04-27 11:50:23.780,2022-04-27 11:50:23.780,0
sec,UserDesignationView,2022-08-16 11:35:09.717,2025-10-12 17:57:57.053,0
sec,UserLogInOutHistoryView,2022-11-01 18:26:25.867,2023-12-24 11:46:56.503,0
sec,UserRoleView,2021-12-27 12:21:44.230,2022-01-30 14:59:21.157,0
std,AuditCategoryView,2021-12-08 16:24:09.270,2022-08-22 10:54:53.277,0
std,AuditStepView,2022-07-21 12:43:56.930,2022-07-21 12:43:56.930,0
std,AuditTypeView,2021-09-27 13:29:42.090,2023-10-22 14:28:08.920,0
std,BusinessUnitView,2025-04-28 17:51:54.283,2025-04-28 17:51:54.283,0
std,ComplianceExternalDetailView,2023-10-26 10:47:55.797,2023-12-11 12:54:30.880,0
std,ComplianceExternalExportView,2024-05-09 19:26:56.580,2024-05-09 19:26:56.580,0
std,ComplianceExternalRecommedationView,2024-05-09 19:26:55.560,2024-05-09 19:26:55.560,0
std,ComplianceExternalView,2023-10-26 10:47:55.767,2023-10-30 15:22:45.130,0
std,ComponentView,2023-03-07 15:53:59.730,2023-12-05 17:54:49.700,0
std,ContainerContainRowColumnView,2022-07-21 12:42:54.417,2022-08-17 11:19:07.527,0
std,ContainerContainRowView,2022-07-21 12:42:58.860,2022-07-21 12:42:58.860,0
std,ContainerContainView,2022-07-21 12:43:03.293,2022-08-21 09:30:20.697,0
std,ContainerMapView,2022-07-21 12:43:22.027,2022-07-31 12:02:10.290,0
std,ContainerView,2022-07-21 12:43:08.327,2022-07-21 12:43:08.327,0
std,ContainView,2022-07-21 12:43:12.903,2022-08-21 09:30:07.790,0
std,DesignationView,2021-12-09 16:43:43.287,2026-05-12 16:21:17.090,0
std,DocumentRequisitionDetailDocView,2025-02-24 14:56:00.417,2025-02-24 14:56:02.407,0
std,DocumentRequisitionDetailView,2025-02-24 14:55:59.740,2025-02-24 14:56:56.780,0
std,DocumentRequisitionView,2025-02-24 14:55:59.487,2025-02-24 15:01:14.490,0
std,DonorView,2022-11-21 14:32:44.363,2022-11-23 17:17:50.857,0
std,EmailAddressBookGroupDetailView,2023-06-12 15:15:52.813,2023-07-30 13:16:48.100,0
std,EmailAddressBookGroupView,2022-03-30 19:19:45.503,2023-07-30 12:43:40.943,0
std,EmailAddressBookView,2022-03-31 17:35:20.937,2023-06-12 15:20:59.433,0
std,EmailGroupExcludeGroupDetailView,2022-09-03 20:25:57.500,2022-09-03 20:25:57.500,0
std,EmailGroupView,2021-12-19 12:02:14.493,2022-08-30 12:11:36.123,0
std,GradeRiskWeightTotal,2022-08-16 11:51:54.050,2022-08-16 11:51:54.050,0
std,HeadingView,2022-07-21 12:43:17.300,2022-12-13 18:22:08.560,0
std,IcqQuestionBankDetailView,2024-05-08 13:32:31.747,2026-05-17 11:49:46.420,0
std,IcqQuestionBankDownloadView,2023-10-30 11:25:42.257,2026-05-12 16:20:53.117,0
std,IcqQuestionBankFileView,2026-04-16 17:23:56.553,2026-04-16 17:23:56.553,0
std,IcqQuestionBankView,2023-10-17 16:03:15.293,2026-05-17 11:49:43.093,0
std,NotificationEventDetailView,2023-04-18 12:40:56.583,2023-04-18 12:40:56.583,0
std,NotificationEventView,2023-04-18 09:56:32.573,2023-04-18 12:40:51.637,0
std,NotificationTemplateView,2023-04-12 12:43:12.033,2023-05-18 12:41:44.477,0
std,ObservationCharacteristicDetailView,2022-01-18 10:36:38.537,2024-11-24 18:24:56.240,0
std,ObservationCharacteristicNoteView,2022-11-28 12:35:31.157,2022-11-28 12:35:31.157,0
std,ObservationDonorView,2023-12-26 13:17:38.640,2023-12-26 16:20:50.220,0
std,ObservationGradeView,2023-11-11 16:16:12.140,2024-05-09 19:09:22.563,0
std,ObservationKeyWordView,2023-11-12 18:14:24.510,2025-02-24 15:46:01.680,0
std,ObservationView,2021-12-21 17:51:43.363,2022-08-22 13:09:06.290,0
std,PrincipalView,2023-03-07 16:07:30.900,2023-12-05 16:45:17.800,0
std,RiskCriteriaView,2022-03-30 12:21:34.970,2022-08-30 21:14:37.613,0
std,RiskTypeView,2021-12-09 13:07:54.500,2023-11-16 16:05:25.713,0
std,RptAuditCategoryView,2022-01-09 15:26:50.650,2022-04-26 15:12:32.797,0
std,RptAuditTypeView,2022-01-09 19:03:00.493,2022-09-08 11:36:16.290,0
std,RptContentSummaryView,2022-01-09 15:34:35.280,2022-08-21 13:28:44.890,0
std,RptDesignationView,2022-01-09 15:38:40.050,2022-08-23 11:35:19.040,0
std,RptDonorView,2022-11-22 16:40:27.753,2022-11-24 19:05:52.570,0
std,RptEmailAddressBookGroupView,2022-08-30 14:38:48.387,2023-12-27 14:57:34.810,0
std,RptFinancialUpazilaView,2022-01-09 15:41:27.037,2022-02-09 17:23:08.523,0
std,RptHeadingView,2022-01-09 15:44:24.970,2022-08-21 13:30:42.450,0
std,RptMovementTypeView,2022-01-09 15:45:43.713,2022-04-27 12:41:13.877,0
std,RptMRSummeryView,2022-08-21 11:13:18.283,2022-11-27 17:11:31.633,0
std,RptObservationCategoryView,2022-01-09 15:52:15.313,2022-04-26 15:23:14.010,0
std,RptObservationCharacteristicDetailView,2022-01-09 16:01:11.550,2024-11-24 18:24:56.787,0
std,RptObservationCharacteristicView,2022-01-09 16:05:14.180,2022-04-26 15:24:02.403,0
std,RptObservationKeyWordView,2023-10-23 14:20:51.580,2025-02-24 15:46:02.280,0
std,RptObservationView,2022-01-09 15:50:13.357,2022-04-26 15:24:52.413,0
std,RptOrganizationView,2022-01-09 16:02:31.710,2022-02-09 17:28:37.427,0
std,RptReportStructureView,2022-01-09 16:08:08.160,2022-02-09 17:29:14.453,0
std,RptReportTypeView,2022-01-09 16:09:19.110,2022-02-09 17:33:25.737,0
std,RptRiskTypeView,2022-01-09 16:10:36.043,2022-04-27 12:04:36.447,0
std,RptStructureCategoryView,2022-01-09 16:14:23.770,2022-02-09 17:31:54.730,0
std,RptStructureElementView,2022-01-09 16:15:27.117,2022-02-09 17:32:24.180,0
std,RptStructureTypeView,2022-01-09 16:16:50.610,2022-02-09 17:32:49.910,0
std,RptZoneView,2022-01-09 16:17:36.973,2026-01-11 12:33:23.160,0
std,RptZoneWiseManagerView,2022-01-09 16:19:12.197,2026-01-11 12:33:19.027,0
std,SchedulerMatrixView,2025-08-31 14:21:58.113,2025-09-14 15:32:58.053,0
std,StructureTypeView,2021-12-09 15:02:47.980,2022-01-30 14:55:29.437,0
std,ZoneView,2021-12-09 18:36:57.330,2026-01-11 12:32:53.860,0
toa,LineManagerView,2022-08-30 16:07:21.527,2023-03-20 16:12:17.713,0
wkf,ApprovalNotificationView,2022-09-28 15:44:34.923,2023-12-24 15:18:18.233,0
wkf,DesignationStepView,2022-07-21 11:43:58.210,2022-08-23 06:29:20.980,0
wkf,GetZoneWiseHigherApprovalView,2022-11-09 14:52:44.547,2026-01-11 12:33:14.420,0
wkf,RptDesignationStepView,2025-04-28 18:11:20.240,2025-04-28 18:11:20.240,0
wkf,RptWorkFlowLevelView,2025-04-28 18:10:05.760,2025-04-28 18:10:05.760,0
wkf,RptWorkflowProcessView,2025-04-28 18:21:50.030,2025-04-28 18:21:50.030,0
wkf,WorkFlowLevelView,2022-07-21 11:45:56.870,2022-07-21 11:46:23.373,0
wkf,WorkflowProcessDetailView,2022-07-21 12:00:35.987,2025-02-24 15:00:42.817,0
wkf,WorkflowProcessHistoryView,2022-08-21 11:14:24.670,2022-11-22 12:10:42.080,0
wkf,WorkflowProcessView,2022-07-21 11:45:26.050,2022-07-21 11:45:26.050,0
